slot_id,user_id,date,start_time,hour,day_of_week,focus_score,is_busy,is_conflict,meeting_count_that_day,label
1,1,2025-01-06,09:00,9,0,0.576,1,0,10,0
2,1,2025-01-06,09:30,9,0,0.643,1,0,10,0
3,1,2025-01-06,10:00,10,0,0.858,1,0,10,0
4,1,2025-01-06,10:30,10,0,0.842,1,0,10,0
5,1,2025-01-06,11:00,11,0,0.865,0,0,10,1
6,1,2025-01-06,11:30,11,0,0.883,0,0,10,1
7,1,2025-01-06,12:00,12,0,0.638,0,0,10,1
8,1,2025-01-06,12:30,12,0,0.65,0,0,10,1
9,1,2025-01-06,13:00,13,0,0.468,1,0,10,0
10,1,2025-01-06,13:30,13,0,0.426,0,0,10,1
11,1,2025-01-06,14:00,14,0,0.597,0,0,10,1
12,1,2025-01-06,14:30,14,0,0.549,1,0,10,0
13,1,2025-01-06,15:00,15,0,0.667,0,0,10,1
14,1,2025-01-06,15:30,15,0,0.667,1,0,10,0
15,1,2025-01-06,16:00,16,0,0.822,1,0,10,0
16,1,2025-01-06,16:30,16,0,0.799,1,0,10,0
17,1,2025-01-06,17:00,17,0,0.642,0,0,10,1
18,1,2025-01-06,17:30,17,0,0.614,1,0,10,0
19,1,2025-01-07,09:00,9,1,0.556,0,0,7,0
20,1,2025-01-07,09:30,9,1,0.635,1,0,7,0
21,1,2025-01-07,10:00,10,1,0.895,0,0,7,1
22,1,2025-01-07,10:30,10,1,0.867,0,0,7,1
23,1,2025-01-07,11:00,11,1,0.926,0,0,7,1
24,1,2025-01-07,11:30,11,1,0.891,0,0,7,1
25,1,2025-01-07,12:00,12,1,0.684,0,0,7,0
26,1,2025-01-07,12:30,12,1,0.671,1,0,7,0
27,1,2025-01-07,13:00,13,1,0.401,1,0,7,0
28,1,2025-01-07,13:30,13,1,0.451,0,0,7,0
29,1,2025-01-07,14:00,14,1,0.562,0,0,7,1
30,1,2025-01-07,14:30,14,1,0.562,1,0,7,0
31,1,2025-01-07,15:00,15,1,0.698,0,0,7,0
32,1,2025-01-07,15:30,15,1,0.651,0,0,7,1
33,1,2025-01-07,16:00,16,1,0.751,0,0,7,1
34,1,2025-01-07,16:30,16,1,0.803,1,0,7,0
35,1,2025-01-07,17:00,17,1,0.577,1,0,7,0
36,1,2025-01-07,17:30,17,1,0.648,1,0,7,0
37,1,2025-01-08,09:00,9,2,0.552,0,0,5,1
38,1,2025-01-08,09:30,9,2,0.617,0,0,5,1
39,1,2025-01-08,10:00,10,2,0.891,0,0,5,1
40,1,2025-01-08,10:30,10,2,0.811,0,0,5,1
41,1,2025-01-08,11:00,11,2,0.86,0,0,5,1
42,1,2025-01-08,11:30,11,2,0.865,0,0,5,1
43,1,2025-01-08,12:00,12,2,0.619,0,0,5,1
44,1,2025-01-08,12:30,12,2,0.682,0,0,5,0
45,1,2025-01-08,13:00,13,2,0.44,1,0,5,0
46,1,2025-01-08,13:30,13,2,0.437,0,0,5,0
47,1,2025-01-08,14:00,14,2,0.557,1,0,5,0
48,1,2025-01-08,14:30,14,2,0.599,0,0,5,0
49,1,2025-01-08,15:00,15,2,0.718,1,0,5,0
50,1,2025-01-08,15:30,15,2,0.735,1,0,5,0
51,1,2025-01-08,16:00,16,2,0.815,1,0,5,0
52,1,2025-01-08,16:30,16,2,0.836,0,0,5,1
53,1,2025-01-08,17:00,17,2,0.626,0,0,5,0
54,1,2025-01-08,17:30,17,2,0.588,0,0,5,1
55,1,2025-01-09,09:00,9,3,0.556,0,0,10,0
56,1,2025-01-09,09:30,9,3,0.567,0,0,10,0
57,1,2025-01-09,10:00,10,3,0.843,0,0,10,1
58,1,2025-01-09,10:30,10,3,0.878,1,0,10,0
59,1,2025-01-09,11:00,11,3,0.907,1,0,10,0
60,1,2025-01-09,11:30,11,3,0.936,1,0,10,0
61,1,2025-01-09,12:00,12,3,0.61,1,0,10,0
62,1,2025-01-09,12:30,12,3,0.653,1,0,10,0
63,1,2025-01-09,13:00,13,3,0.404,1,0,10,0
64,1,2025-01-09,13:30,13,3,0.421,0,0,10,1
65,1,2025-01-09,14:00,14,3,0.589,1,0,10,0
66,1,2025-01-09,14:30,14,3,0.548,0,0,10,0
67,1,2025-01-09,15:00,15,3,0.657,0,0,10,1
68,1,2025-01-09,15:30,15,3,0.74,0,0,10,1
69,1,2025-01-09,16:00,16,3,0.806,0,0,10,1
70,1,2025-01-09,16:30,16,3,0.753,1,0,10,0
71,1,2025-01-09,17:00,17,3,0.643,1,0,10,0
72,1,2025-01-09,17:30,17,3,0.581,1,0,10,0
73,1,2025-01-10,09:00,9,4,0.646,0,0,9,1
74,1,2025-01-10,09:30,9,4,0.625,0,0,9,1
75,1,2025-01-10,10:00,10,4,0.84,1,0,9,0
76,1,2025-01-10,10:30,10,4,0.808,1,0,9,0
77,1,2025-01-10,11:00,11,4,0.866,0,0,9,1
78,1,2025-01-10,11:30,11,4,0.874,1,0,9,0
79,1,2025-01-10,12:00,12,4,0.683,1,0,9,0
80,1,2025-01-10,12:30,12,4,0.639,0,0,9,1
81,1,2025-01-10,13:00,13,4,0.433,1,0,9,0
82,1,2025-01-10,13:30,13,4,0.476,1,0,9,0
83,1,2025-01-10,14:00,14,4,0.514,0,0,9,1
84,1,2025-01-10,14:30,14,4,0.572,0,0,9,1
85,1,2025-01-10,15:00,15,4,0.747,0,0,9,1
86,1,2025-01-10,15:30,15,4,0.655,1,0,9,0
87,1,2025-01-10,16:00,16,4,0.794,1,0,9,0
88,1,2025-01-10,16:30,16,4,0.834,0,0,9,1
89,1,2025-01-10,17:00,17,4,0.584,0,0,9,1
90,1,2025-01-10,17:30,17,4,0.645,1,0,9,0
91,1,2025-01-11,09:00,9,5,0.59,0,0,5,1
92,1,2025-01-11,09:30,9,5,0.553,1,0,5,0
93,1,2025-01-11,10:00,10,5,0.827,0,0,5,1
94,1,2025-01-11,10:30,10,5,0.899,1,0,5,0
95,1,2025-01-11,11:00,11,5,0.899,1,0,5,0
96,1,2025-01-11,11:30,11,5,0.886,0,0,5,1
97,1,2025-01-11,12:00,12,5,0.694,0,0,5,0
98,1,2025-01-11,12:30,12,5,0.668,0,0,5,1
99,1,2025-01-11,13:00,13,5,0.409,1,0,5,0
100,1,2025-01-11,13:30,13,5,0.462,0,0,5,1
101,1,2025-01-11,14:00,14,5,0.571,1,0,5,0
102,1,2025-01-11,14:30,14,5,0.508,0,0,5,0
103,1,2025-01-11,15:00,15,5,0.721,0,0,5,1
104,1,2025-01-11,15:30,15,5,0.713,0,0,5,1
105,1,2025-01-11,16:00,16,5,0.824,0,0,5,1
106,1,2025-01-11,16:30,16,5,0.782,0,0,5,1
107,1,2025-01-11,17:00,17,5,0.561,0,0,5,0
108,1,2025-01-11,17:30,17,5,0.581,0,0,5,0
109,1,2025-01-12,09:00,9,6,0.577,0,0,7,0
110,1,2025-01-12,09:30,9,6,0.569,0,0,7,0
111,1,2025-01-12,10:00,10,6,0.855,1,0,7,0
112,1,2025-01-12,10:30,10,6,0.841,0,0,7,1
113,1,2025-01-12,11:00,11,6,0.853,1,0,7,0
114,1,2025-01-12,11:30,11,6,0.885,1,0,7,0
115,1,2025-01-12,12:00,12,6,0.609,1,0,7,0
116,1,2025-01-12,12:30,12,6,0.66,0,0,7,0
117,1,2025-01-12,13:00,13,6,0.439,1,0,7,0
118,1,2025-01-12,13:30,13,6,0.429,0,0,7,0
119,1,2025-01-12,14:00,14,6,0.508,0,0,7,1
120,1,2025-01-12,14:30,14,6,0.591,0,0,7,1
121,1,2025-01-12,15:00,15,6,0.707,1,0,7,0
122,1,2025-01-12,15:30,15,6,0.667,0,0,7,0
123,1,2025-01-12,16:00,16,6,0.764,0,0,7,1
124,1,2025-01-12,16:30,16,6,0.78,0,0,7,1
125,1,2025-01-12,17:00,17,6,0.599,1,0,7,0
126,1,2025-01-12,17:30,17,6,0.556,0,0,7,0
127,1,2025-01-13,09:00,9,0,0.592,0,0,5,0
128,1,2025-01-13,09:30,9,0,0.558,0,0,5,0
129,1,2025-01-13,10:00,10,0,0.825,1,0,5,0
130,1,2025-01-13,10:30,10,0,0.863,0,0,5,1
131,1,2025-01-13,11:00,11,0,0.909,1,0,5,0
132,1,2025-01-13,11:30,11,0,0.87,0,0,5,1
133,1,2025-01-13,12:00,12,0,0.611,0,0,5,0
134,1,2025-01-13,12:30,12,0,0.695,0,0,5,0
135,1,2025-01-13,13:00,13,0,0.462,0,0,5,1
136,1,2025-01-13,13:30,13,0,0.433,0,0,5,0
137,1,2025-01-13,14:00,14,0,0.582,1,0,5,0
138,1,2025-01-13,14:30,14,0,0.586,0,0,5,1
139,1,2025-01-13,15:00,15,0,0.664,0,0,5,0
140,1,2025-01-13,15:30,15,0,0.745,0,0,5,1
141,1,2025-01-13,16:00,16,0,0.77,0,0,5,1
142,1,2025-01-13,16:30,16,0,0.781,1,0,5,0
143,1,2025-01-13,17:00,17,0,0.646,1,0,5,0
144,1,2025-01-13,17:30,17,0,0.647,0,0,5,0
145,1,2025-01-14,09:00,9,1,0.619,0,0,10,0
146,1,2025-01-14,09:30,9,1,0.608,1,0,10,0
147,1,2025-01-14,10:00,10,1,0.824,0,0,10,1
148,1,2025-01-14,10:30,10,1,0.838,0,0,10,1
149,1,2025-01-14,11:00,11,1,0.932,0,0,10,1
150,1,2025-01-14,11:30,11,1,0.889,1,0,10,0
151,1,2025-01-14,12:00,12,1,0.611,1,0,10,0
152,1,2025-01-14,12:30,12,1,0.656,1,0,10,0
153,1,2025-01-14,13:00,13,1,0.459,1,0,10,0
154,1,2025-01-14,13:30,13,1,0.455,1,0,10,0
155,1,2025-01-14,14:00,14,1,0.568,1,0,10,0
156,1,2025-01-14,14:30,14,1,0.555,1,0,10,0
157,1,2025-01-14,15:00,15,1,0.745,1,0,10,0
158,1,2025-01-14,15:30,15,1,0.696,0,0,10,1
159,1,2025-01-14,16:00,16,1,0.794,1,0,10,0
160,1,2025-01-14,16:30,16,1,0.779,0,0,10,1
161,1,2025-01-14,17:00,17,1,0.619,0,0,10,1
162,1,2025-01-14,17:30,17,1,0.63,0,0,10,0
163,1,2025-01-15,09:00,9,2,0.6,0,0,7,1
164,1,2025-01-15,09:30,9,2,0.574,0,0,7,1
165,1,2025-01-15,10:00,10,2,0.872,0,0,7,1
166,1,2025-01-15,10:30,10,2,0.879,0,0,7,1
167,1,2025-01-15,11:00,11,2,0.857,1,0,7,0
168,1,2025-01-15,11:30,11,2,0.949,0,0,7,1
169,1,2025-01-15,12:00,12,2,0.648,1,0,7,0
170,1,2025-01-15,12:30,12,2,0.64,1,0,7,0
171,1,2025-01-15,13:00,13,2,0.451,0,0,7,1
172,1,2025-01-15,13:30,13,2,0.469,1,0,7,0
173,1,2025-01-15,14:00,14,2,0.554,0,0,7,1
174,1,2025-01-15,14:30,14,2,0.536,1,0,7,0
175,1,2025-01-15,15:00,15,2,0.74,0,0,7,1
176,1,2025-01-15,15:30,15,2,0.704,1,0,7,0
177,1,2025-01-15,16:00,16,2,0.814,0,0,7,1
178,1,2025-01-15,16:30,16,2,0.758,1,0,7,0
179,1,2025-01-15,17:00,17,2,0.627,0,0,7,1
180,1,2025-01-15,17:30,17,2,0.586,0,0,7,1
181,1,2025-01-16,09:00,9,3,0.554,0,0,10,1
182,1,2025-01-16,09:30,9,3,0.618,1,0,10,0
183,1,2025-01-16,10:00,10,3,0.84,0,0,10,1
184,1,2025-01-16,10:30,10,3,0.875,1,0,10,0
185,1,2025-01-16,11:00,11,3,0.947,0,0,10,1
186,1,2025-01-16,11:30,11,3,0.893,1,0,10,0
187,1,2025-01-16,12:00,12,3,0.601,0,0,10,0
188,1,2025-01-16,12:30,12,3,0.651,0,0,10,1
189,1,2025-01-16,13:00,13,3,0.458,0,0,10,1
190,1,2025-01-16,13:30,13,3,0.445,1,0,10,0
191,1,2025-01-16,14:00,14,3,0.539,1,0,10,0
192,1,2025-01-16,14:30,14,3,0.577,1,0,10,0
193,1,2025-01-16,15:00,15,3,0.709,1,0,10,0
194,1,2025-01-16,15:30,15,3,0.7,0,0,10,1
195,1,2025-01-16,16:00,16,3,0.784,0,0,10,1
196,1,2025-01-16,16:30,16,3,0.752,1,0,10,0
197,1,2025-01-16,17:00,17,3,0.56,1,0,10,0
198,1,2025-01-16,17:30,17,3,0.592,1,0,10,0
199,1,2025-01-17,09:00,9,4,0.646,1,0,8,0
200,1,2025-01-17,09:30,9,4,0.562,0,0,8,1
201,1,2025-01-17,10:00,10,4,0.814,1,0,8,0
202,1,2025-01-17,10:30,10,4,0.831,0,0,8,1
203,1,2025-01-17,11:00,11,4,0.896,0,0,8,1
204,1,2025-01-17,11:30,11,4,0.871,0,0,8,1
205,1,2025-01-17,12:00,12,4,0.648,1,0,8,0
206,1,2025-01-17,12:30,12,4,0.648,0,0,8,0
207,1,2025-01-17,13:00,13,4,0.47,0,0,8,0
208,1,2025-01-17,13:30,13,4,0.43,0,0,8,1
209,1,2025-01-17,14:00,14,4,0.512,0,0,8,1
210,1,2025-01-17,14:30,14,4,0.565,0,0,8,1
211,1,2025-01-17,15:00,15,4,0.666,1,0,8,0
212,1,2025-01-17,15:30,15,4,0.748,1,0,8,0
213,1,2025-01-17,16:00,16,4,0.774,1,0,8,0
214,1,2025-01-17,16:30,16,4,0.767,1,0,8,0
215,1,2025-01-17,17:00,17,4,0.566,1,0,8,0
216,1,2025-01-17,17:30,17,4,0.606,0,0,8,1
217,1,2025-01-18,09:00,9,5,0.573,1,0,9,0
218,1,2025-01-18,09:30,9,5,0.591,1,0,9,0
219,1,2025-01-18,10:00,10,5,0.818,1,0,9,0
220,1,2025-01-18,10:30,10,5,0.864,0,0,9,1
221,1,2025-01-18,11:00,11,5,0.893,0,0,9,1
222,1,2025-01-18,11:30,11,5,0.853,0,0,9,1
223,1,2025-01-18,12:00,12,5,0.661,0,0,9,0
224,1,2025-01-18,12:30,12,5,0.659,1,0,9,0
225,1,2025-01-18,13:00,13,5,0.439,1,0,9,0
226,1,2025-01-18,13:30,13,5,0.47,1,0,9,0
227,1,2025-01-18,14:00,14,5,0.521,1,0,9,0
228,1,2025-01-18,14:30,14,5,0.575,1,0,9,0
229,1,2025-01-18,15:00,15,5,0.731,0,0,9,1
230,1,2025-01-18,15:30,15,5,0.656,0,0,9,0
231,1,2025-01-18,16:00,16,5,0.837,0,0,9,1
232,1,2025-01-18,16:30,16,5,0.769,0,0,9,1
233,1,2025-01-18,17:00,17,5,0.583,0,0,9,0
234,1,2025-01-18,17:30,17,5,0.576,1,0,9,0
235,1,2025-01-19,09:00,9,6,0.636,0,0,8,1
236,1,2025-01-19,09:30,9,6,0.614,0,0,8,1
237,1,2025-01-19,10:00,10,6,0.861,0,0,8,1
238,1,2025-01-19,10:30,10,6,0.859,1,0,8,0
239,1,2025-01-19,11:00,11,6,0.885,0,0,8,1
240,1,2025-01-19,11:30,11,6,0.935,1,0,8,0
241,1,2025-01-19,12:00,12,6,0.662,0,0,8,1
242,1,2025-01-19,12:30,12,6,0.671,0,0,8,0
243,1,2025-01-19,13:00,13,6,0.461,1,0,8,0
244,1,2025-01-19,13:30,13,6,0.408,0,0,8,0
245,1,2025-01-19,14:00,14,6,0.512,1,0,8,0
246,1,2025-01-19,14:30,14,6,0.531,1,0,8,0
247,1,2025-01-19,15:00,15,6,0.668,0,0,8,1
248,1,2025-01-19,15:30,15,6,0.701,0,0,8,1
249,1,2025-01-19,16:00,16,6,0.792,1,0,8,0
250,1,2025-01-19,16:30,16,6,0.764,0,0,8,1
251,1,2025-01-19,17:00,17,6,0.588,1,0,8,0
252,1,2025-01-19,17:30,17,6,0.569,1,0,8,0
253,2,2025-01-06,09:00,9,0,0.714,0,0,9,1
254,2,2025-01-06,09:30,9,0,0.719,1,0,9,0
255,2,2025-01-06,10:00,10,0,0.965,1,0,9,0
256,2,2025-01-06,10:30,10,0,1.0,1,0,9,0
257,2,2025-01-06,11:00,11,0,1.0,1,0,9,0
258,2,2025-01-06,11:30,11,0,0.999,1,0,9,0
259,2,2025-01-06,12:00,12,0,0.514,0,0,9,0
260,2,2025-01-06,12:30,12,0,0.545,0,0,9,0
261,2,2025-01-06,13:00,13,0,0.336,1,0,9,0
262,2,2025-01-06,13:30,13,0,0.301,0,0,9,0
263,2,2025-01-06,14:00,14,0,0.482,0,0,9,1
264,2,2025-01-06,14:30,14,0,0.451,1,0,9,0
265,2,2025-01-06,15:00,15,0,0.599,0,0,9,1
266,2,2025-01-06,15:30,15,0,0.592,0,0,9,1
267,2,2025-01-06,16:00,16,0,0.699,1,0,9,0
268,2,2025-01-06,16:30,16,0,0.658,0,0,9,0
269,2,2025-01-06,17:00,17,0,0.526,1,0,9,0
270,2,2025-01-06,17:30,17,0,0.479,0,0,9,0
271,2,2025-01-07,09:00,9,1,0.704,0,0,9,1
272,2,2025-01-07,09:30,9,1,0.667,0,0,9,0
273,2,2025-01-07,10:00,10,1,0.974,0,0,9,1
274,2,2025-01-07,10:30,10,1,0.977,0,0,9,1
275,2,2025-01-07,11:00,11,1,1.0,1,0,9,0
276,2,2025-01-07,11:30,11,1,0.961,0,0,9,1
277,2,2025-01-07,12:00,12,1,0.511,1,0,9,0
278,2,2025-01-07,12:30,12,1,0.578,1,0,9,0
279,2,2025-01-07,13:00,13,1,0.382,1,0,9,0
280,2,2025-01-07,13:30,13,1,0.337,0,0,9,1
281,2,2025-01-07,14:00,14,1,0.404,1,0,9,0
282,2,2025-01-07,14:30,14,1,0.472,0,0,9,1
283,2,2025-01-07,15:00,15,1,0.649,1,0,9,0
284,2,2025-01-07,15:30,15,1,0.56,0,0,9,1
285,2,2025-01-07,16:00,16,1,0.725,1,0,9,0
286,2,2025-01-07,16:30,16,1,0.68,0,0,9,1
287,2,2025-01-07,17:00,17,1,0.495,1,0,9,0
288,2,2025-01-07,17:30,17,1,0.485,1,0,9,0
289,2,2025-01-08,09:00,9,2,0.732,0,0,6,1
290,2,2025-01-08,09:30,9,2,0.694,1,0,6,0
291,2,2025-01-08,10:00,10,2,0.999,1,0,6,0
292,2,2025-01-08,10:30,10,2,0.978,0,0,6,1
293,2,2025-01-08,11:00,11,2,0.974,0,0,6,1
294,2,2025-01-08,11:30,11,2,1.0,0,0,6,1
295,2,2025-01-08,12:00,12,2,0.559,0,0,6,0
296,2,2025-01-08,12:30,12,2,0.571,0,0,6,1
297,2,2025-01-08,13:00,13,2,0.317,1,0,6,0
298,2,2025-01-08,13:30,13,2,0.314,1,0,6,0
299,2,2025-01-08,14:00,14,2,0.421,0,0,6,0
300,2,2025-01-08,14:30,14,2,0.406,1,0,6,0
301,2,2025-01-08,15:00,15,2,0.585,0,0,6,0
302,2,2025-01-08,15:30,15,2,0.604,0,0,6,0
303,2,2025-01-08,16:00,16,2,0.72,0,0,6,1
304,2,2025-01-08,16:30,16,2,0.679,0,0,6,0
305,2,2025-01-08,17:00,17,2,0.536,0,0,6,1
306,2,2025-01-08,17:30,17,2,0.518,1,0,6,0
307,2,2025-01-09,09:00,9,3,0.66,1,0,9,0
308,2,2025-01-09,09:30,9,3,0.746,0,0,9,1
309,2,2025-01-09,10:00,10,3,0.979,1,0,9,0
310,2,2025-01-09,10:30,10,3,0.992,0,0,9,1
311,2,2025-01-09,11:00,11,3,1.0,1,0,9,0
312,2,2025-01-09,11:30,11,3,1.0,0,0,9,1
313,2,2025-01-09,12:00,12,3,0.513,1,0,9,0
314,2,2025-01-09,12:30,12,3,0.587,1,0,9,0
315,2,2025-01-09,13:00,13,3,0.325,0,0,9,1
316,2,2025-01-09,13:30,13,3,0.383,0,0,9,1
317,2,2025-01-09,14:00,14,3,0.468,0,0,9,0
318,2,2025-01-09,14:30,14,3,0.458,0,0,9,0
319,2,2025-01-09,15:00,15,3,0.591,1,0,9,0
320,2,2025-01-09,15:30,15,3,0.595,1,0,9,0
321,2,2025-01-09,16:00,16,3,0.713,1,0,9,0
322,2,2025-01-09,16:30,16,3,0.738,0,0,9,1
323,2,2025-01-09,17:00,17,3,0.459,0,0,9,1
324,2,2025-01-09,17:30,17,3,0.478,1,0,9,0
325,2,2025-01-10,09:00,9,4,0.744,1,0,6,0
326,2,2025-01-10,09:30,9,4,0.687,1,0,6,0
327,2,2025-01-10,10:00,10,4,0.995,0,0,6,1
328,2,2025-01-10,10:30,10,4,0.933,0,0,6,1
329,2,2025-01-10,11:00,11,4,0.95,1,0,6,0
330,2,2025-01-10,11:30,11,4,1.0,1,0,6,0
331,2,2025-01-10,12:00,12,4,0.573,1,0,6,0
332,2,2025-01-10,12:30,12,4,0.573,0,0,6,0
333,2,2025-01-10,13:00,13,4,0.366,0,0,6,0
334,2,2025-01-10,13:30,13,4,0.306,0,0,6,1
335,2,2025-01-10,14:00,14,4,0.422,0,0,6,0
336,2,2025-01-10,14:30,14,4,0.421,0,0,6,0
337,2,2025-01-10,15:00,15,4,0.633,1,0,6,0
338,2,2025-01-10,15:30,15,4,0.584,0,0,6,1
339,2,2025-01-10,16:00,16,4,0.707,0,0,6,1
340,2,2025-01-10,16:30,16,4,0.699,0,0,6,0
341,2,2025-01-10,17:00,17,4,0.518,0,0,6,0
342,2,2025-01-10,17:30,17,4,0.46,0,0,6,1
343,2,2025-01-11,09:00,9,5,0.696,0,0,5,0
344,2,2025-01-11,09:30,9,5,0.736,0,0,5,1
345,2,2025-01-11,10:00,10,5,0.944,0,0,5,1
346,2,2025-01-11,10:30,10,5,0.9,1,0,5,0
347,2,2025-01-11,11:00,11,5,1.0,0,0,5,1
348,2,2025-01-11,11:30,11,5,0.97,0,0,5,1
349,2,2025-01-11,12:00,12,5,0.569,0,0,5,0
350,2,2025-01-11,12:30,12,5,0.565,0,0,5,0
351,2,2025-01-11,13:00,13,5,0.393,0,0,5,0
352,2,2025-01-11,13:30,13,5,0.365,0,0,5,0
353,2,2025-01-11,14:00,14,5,0.437,0,0,5,1
354,2,2025-01-11,14:30,14,5,0.417,1,0,5,0
355,2,2025-01-11,15:00,15,5,0.59,1,0,5,0
356,2,2025-01-11,15:30,15,5,0.581,1,0,5,0
357,2,2025-01-11,16:00,16,5,0.72,0,0,5,1
358,2,2025-01-11,16:30,16,5,0.673,1,0,5,0
359,2,2025-01-11,17:00,17,5,0.516,0,0,5,1
360,2,2025-01-11,17:30,17,5,0.45,0,0,5,0
361,2,2025-01-12,09:00,9,6,0.663,1,0,10,0
362,2,2025-01-12,09:30,9,6,0.673,1,0,10,0
363,2,2025-01-12,10:00,10,6,0.968,0,0,10,1
364,2,2025-01-12,10:30,10,6,0.901,0,0,10,1
365,2,2025-01-12,11:00,11,6,1.0,0,0,10,1
366,2,2025-01-12,11:30,11,6,1.0,1,0,10,0
367,2,2025-01-12,12:00,12,6,0.599,1,0,10,0
368,2,2025-01-12,12:30,12,6,0.542,0,0,10,0
369,2,2025-01-12,13:00,13,6,0.307,0,0,10,0
370,2,2025-01-12,13:30,13,6,0.373,1,0,10,0
371,2,2025-01-12,14:00,14,6,0.41,1,0,10,0
372,2,2025-01-12,14:30,14,6,0.431,1,0,10,0
373,2,2025-01-12,15:00,15,6,0.638,0,0,10,0
374,2,2025-01-12,15:30,15,6,0.627,1,0,10,0
375,2,2025-01-12,16:00,16,6,0.725,1,0,10,0
376,2,2025-01-12,16:30,16,6,0.663,1,0,10,0
377,2,2025-01-12,17:00,17,6,0.549,0,0,10,0
378,2,2025-01-12,17:30,17,6,0.503,0,0,10,0
379,2,2025-01-13,09:00,9,0,0.715,1,0,9,0
380,2,2025-01-13,09:30,9,0,0.694,0,0,9,1
381,2,2025-01-13,10:00,10,0,0.963,0,0,9,1
382,2,2025-01-13,10:30,10,0,0.915,1,0,9,0
383,2,2025-01-13,11:00,11,0,0.991,1,0,9,0
384,2,2025-01-13,11:30,11,0,1.0,0,0,9,1
385,2,2025-01-13,12:00,12,0,0.586,1,0,9,0
386,2,2025-01-13,12:30,12,0,0.509,0,0,9,0
387,2,2025-01-13,13:00,13,0,0.375,0,0,9,1
388,2,2025-01-13,13:30,13,0,0.338,1,0,9,0
389,2,2025-01-13,14:00,14,0,0.496,1,0,9,0
390,2,2025-01-13,14:30,14,0,0.431,0,0,9,0
391,2,2025-01-13,15:00,15,0,0.578,1,0,9,0
392,2,2025-01-13,15:30,15,0,0.558,0,0,9,1
393,2,2025-01-13,16:00,16,0,0.71,1,0,9,0
394,2,2025-01-13,16:30,16,0,0.711,0,0,9,1
395,2,2025-01-13,17:00,17,0,0.528,0,0,9,1
396,2,2025-01-13,17:30,17,0,0.535,1,0,9,0
397,2,2025-01-14,09:00,9,1,0.716,1,0,10,0
398,2,2025-01-14,09:30,9,1,0.68,1,0,10,0
399,2,2025-01-14,10:00,10,1,0.952,1,0,10,0
400,2,2025-01-14,10:30,10,1,0.951,1,0,10,0
401,2,2025-01-14,11:00,11,1,1.0,0,0,10,1
402,2,2025-01-14,11:30,11,1,0.98,0,0,10,1
403,2,2025-01-14,12:00,12,1,0.505,1,0,10,0
404,2,2025-01-14,12:30,12,1,0.59,1,0,10,0
405,2,2025-01-14,13:00,13,1,0.395,0,0,10,0
406,2,2025-01-14,13:30,13,1,0.311,1,0,10,0
407,2,2025-01-14,14:00,14,1,0.45,0,0,10,1
408,2,2025-01-14,14:30,14,1,0.453,0,0,10,1
409,2,2025-01-14,15:00,15,1,0.649,0,0,10,1
410,2,2025-01-14,15:30,15,1,0.563,1,0,10,0
411,2,2025-01-14,16:00,16,1,0.736,0,0,10,1
412,2,2025-01-14,16:30,16,1,0.707,0,0,10,1
413,2,2025-01-14,17:00,17,1,0.487,1,0,10,0
414,2,2025-01-14,17:30,17,1,0.518,1,0,10,0
415,2,2025-01-15,09:00,9,2,0.726,0,0,6,1
416,2,2025-01-15,09:30,9,2,0.745,0,0,6,1
417,2,2025-01-15,10:00,10,2,0.977,0,0,6,1
418,2,2025-01-15,10:30,10,2,0.902,1,0,6,0
419,2,2025-01-15,11:00,11,2,0.957,1,0,6,0
420,2,2025-01-15,11:30,11,2,0.976,0,0,6,1
421,2,2025-01-15,12:00,12,2,0.504,0,0,6,0
422,2,2025-01-15,12:30,12,2,0.579,1,0,6,0
423,2,2025-01-15,13:00,13,2,0.351,0,0,6,1
424,2,2025-01-15,13:30,13,2,0.35,0,0,6,0
425,2,2025-01-15,14:00,14,2,0.47,1,0,6,0
426,2,2025-01-15,14:30,14,2,0.408,0,0,6,1
427,2,2025-01-15,15:00,15,2,0.612,1,0,6,0
428,2,2025-01-15,15:30,15,2,0.578,0,0,6,0
429,2,2025-01-15,16:00,16,2,0.701,1,0,6,0
430,2,2025-01-15,16:30,16,2,0.67,0,0,6,1
431,2,2025-01-15,17:00,17,2,0.504,0,0,6,0
432,2,2025-01-15,17:30,17,2,0.513,0,0,6,1
433,2,2025-01-16,09:00,9,3,0.718,0,0,8,1
434,2,2025-01-16,09:30,9,3,0.657,0,0,8,1
435,2,2025-01-16,10:00,10,3,0.973,0,0,8,1
436,2,2025-01-16,10:30,10,3,0.985,0,0,8,1
437,2,2025-01-16,11:00,11,3,0.956,1,0,8,0
438,2,2025-01-16,11:30,11,3,0.959,0,0,8,1
439,2,2025-01-16,12:00,12,3,0.543,0,0,8,0
440,2,2025-01-16,12:30,12,3,0.561,1,0,8,0
441,2,2025-01-16,13:00,13,3,0.331,1,0,8,0
442,2,2025-01-16,13:30,13,3,0.374,0,0,8,1
443,2,2025-01-16,14:00,14,3,0.412,1,0,8,0
444,2,2025-01-16,14:30,14,3,0.471,0,0,8,1
445,2,2025-01-16,15:00,15,3,0.566,0,0,8,1
446,2,2025-01-16,15:30,15,3,0.602,1,0,8,0
447,2,2025-01-16,16:00,16,3,0.728,1,0,8,0
448,2,2025-01-16,16:30,16,3,0.722,1,0,8,0
449,2,2025-01-16,17:00,17,3,0.467,1,0,8,0
450,2,2025-01-16,17:30,17,3,0.463,0,0,8,1
451,2,2025-01-17,09:00,9,4,0.677,0,0,6,1
452,2,2025-01-17,09:30,9,4,0.727,0,0,6,1
453,2,2025-01-17,10:00,10,4,0.903,1,0,6,0
454,2,2025-01-17,10:30,10,4,0.981,0,0,6,1
455,2,2025-01-17,11:00,11,4,0.977,0,0,6,1
456,2,2025-01-17,11:30,11,4,0.956,1,0,6,0
457,2,2025-01-17,12:00,12,4,0.571,1,0,6,0
458,2,2025-01-17,12:30,12,4,0.558,0,0,6,0
459,2,2025-01-17,13:00,13,4,0.346,1,0,6,0
460,2,2025-01-17,13:30,13,4,0.336,0,0,6,0
461,2,2025-01-17,14:00,14,4,0.457,0,0,6,0
462,2,2025-01-17,14:30,14,4,0.426,0,0,6,0
463,2,2025-01-17,15:00,15,4,0.607,0,0,6,1
464,2,2025-01-17,15:30,15,4,0.573,1,0,6,0
465,2,2025-01-17,16:00,16,4,0.701,0,0,6,1
466,2,2025-01-17,16:30,16,4,0.654,0,0,6,1
467,2,2025-01-17,17:00,17,4,0.474,0,0,6,0
468,2,2025-01-17,17:30,17,4,0.488,1,0,6,0
469,2,2025-01-18,09:00,9,5,0.665,0,0,5,1
470,2,2025-01-18,09:30,9,5,0.736,0,0,5,1
471,2,2025-01-18,10:00,10,5,0.955,0,0,5,1
472,2,2025-01-18,10:30,10,5,0.991,0,0,5,1
473,2,2025-01-18,11:00,11,5,1.0,0,0,5,1
474,2,2025-01-18,11:30,11,5,0.992,0,0,5,1
475,2,2025-01-18,12:00,12,5,0.532,0,0,5,0
476,2,2025-01-18,12:30,12,5,0.572,0,0,5,0
477,2,2025-01-18,13:00,13,5,0.308,0,0,5,0
478,2,2025-01-18,13:30,13,5,0.35,1,0,5,0
479,2,2025-01-18,14:00,14,5,0.49,0,0,5,0
480,2,2025-01-18,14:30,14,5,0.48,1,0,5,0
481,2,2025-01-18,15:00,15,5,0.648,1,0,5,0
482,2,2025-01-18,15:30,15,5,0.645,1,0,5,0
483,2,2025-01-18,16:00,16,5,0.657,1,0,5,0
484,2,2025-01-18,16:30,16,5,0.697,0,0,5,0
485,2,2025-01-18,17:00,17,5,0.534,0,0,5,0
486,2,2025-01-18,17:30,17,5,0.505,0,0,5,0
487,2,2025-01-19,09:00,9,6,0.67,0,0,5,1
488,2,2025-01-19,09:30,9,6,0.68,0,0,5,1
489,2,2025-01-19,10:00,10,6,0.946,1,0,5,0
490,2,2025-01-19,10:30,10,6,0.959,0,0,5,1
491,2,2025-01-19,11:00,11,6,0.999,0,0,5,1
492,2,2025-01-19,11:30,11,6,1.0,0,0,5,1
493,2,2025-01-19,12:00,12,6,0.52,0,0,5,1
494,2,2025-01-19,12:30,12,6,0.576,0,0,5,0
495,2,2025-01-19,13:00,13,6,0.301,0,0,5,0
496,2,2025-01-19,13:30,13,6,0.323,0,0,5,0
497,2,2025-01-19,14:00,14,6,0.484,1,0,5,0
498,2,2025-01-19,14:30,14,6,0.488,1,0,5,0
499,2,2025-01-19,15:00,15,6,0.645,1,0,5,0
500,2,2025-01-19,15:30,15,6,0.55,0,0,5,1
501,2,2025-01-19,16:00,16,6,0.735,0,0,5,1
502,2,2025-01-19,16:30,16,6,0.723,0,0,5,1
503,2,2025-01-19,17:00,17,6,0.46,0,0,5,1
504,2,2025-01-19,17:30,17,6,0.474,1,0,5,0
505,3,2025-01-06,09:00,9,0,0.699,1,0,10,0
506,3,2025-01-06,09:30,9,0,0.656,0,0,10,1
507,3,2025-01-06,10:00,10,0,0.971,1,0,10,0
508,3,2025-01-06,10:30,10,0,0.909,1,0,10,0
509,3,2025-01-06,11:00,11,0,1.0,1,0,10,0
510,3,2025-01-06,11:30,11,0,1.0,1,0,10,0
511,3,2025-01-06,12:00,12,0,0.552,1,0,10,0
512,3,2025-01-06,12:30,12,0,0.57,1,0,10,0
513,3,2025-01-06,13:00,13,0,0.337,0,0,10,1
514,3,2025-01-06,13:30,13,0,0.308,0,0,10,0
515,3,2025-01-06,14:00,14,0,0.413,0,0,10,1
516,3,2025-01-06,14:30,14,0,0.407,0,0,10,1
517,3,2025-01-06,15:00,15,0,0.593,0,0,10,1
518,3,2025-01-06,15:30,15,0,0.574,1,0,10,0
519,3,2025-01-06,16:00,16,0,0.676,1,0,10,0
520,3,2025-01-06,16:30,16,0,0.682,0,0,10,1
521,3,2025-01-06,17:00,17,0,0.52,1,0,10,0
522,3,2025-01-06,17:30,17,0,0.524,0,0,10,0
523,3,2025-01-07,09:00,9,1,0.677,0,0,5,0
524,3,2025-01-07,09:30,9,1,0.67,0,0,5,1
525,3,2025-01-07,10:00,10,1,0.958,0,0,5,1
526,3,2025-01-07,10:30,10,1,0.916,0,0,5,1
527,3,2025-01-07,11:00,11,1,0.966,1,0,5,0
528,3,2025-01-07,11:30,11,1,0.997,0,0,5,1
529,3,2025-01-07,12:00,12,1,0.541,0,0,5,1
530,3,2025-01-07,12:30,12,1,0.596,1,0,5,0
531,3,2025-01-07,13:00,13,1,0.321,0,0,5,0
532,3,2025-01-07,13:30,13,1,0.327,0,0,5,0
533,3,2025-01-07,14:00,14,1,0.416,1,0,5,0
534,3,2025-01-07,14:30,14,1,0.469,0,0,5,1
535,3,2025-01-07,15:00,15,1,0.62,0,0,5,0
536,3,2025-01-07,15:30,15,1,0.634,0,0,5,0
537,3,2025-01-07,16:00,16,1,0.659,0,0,5,0
538,3,2025-01-07,16:30,16,1,0.686,0,0,5,1
539,3,2025-01-07,17:00,17,1,0.518,1,0,5,0
540,3,2025-01-07,17:30,17,1,0.476,1,0,5,0
541,3,2025-01-08,09:00,9,2,0.749,1,0,10,0
542,3,2025-01-08,09:30,9,2,0.653,1,0,10,0
543,3,2025-01-08,10:00,10,2,0.94,0,0,10,1
544,3,2025-01-08,10:30,10,2,0.945,1,0,10,0
545,3,2025-01-08,11:00,11,2,1.0,1,0,10,0
546,3,2025-01-08,11:30,11,2,0.975,1,0,10,0
547,3,2025-01-08,12:00,12,2,0.546,1,0,10,0
548,3,2025-01-08,12:30,12,2,0.58,0,0,10,0
549,3,2025-01-08,13:00,13,2,0.301,0,0,10,1
550,3,2025-01-08,13:30,13,2,0.398,1,0,10,0
551,3,2025-01-08,14:00,14,2,0.413,1,0,10,0
552,3,2025-01-08,14:30,14,2,0.482,0,0,10,0
553,3,2025-01-08,15:00,15,2,0.613,0,0,10,1
554,3,2025-01-08,15:30,15,2,0.608,1,0,10,0
555,3,2025-01-08,16:00,16,2,0.676,0,0,10,1
556,3,2025-01-08,16:30,16,2,0.652,1,0,10,0
557,3,2025-01-08,17:00,17,2,0.456,0,0,10,1
558,3,2025-01-08,17:30,17,2,0.494,0,0,10,0
559,3,2025-01-09,09:00,9,3,0.741,1,0,7,0
560,3,2025-01-09,09:30,9,3,0.733,1,0,7,0
561,3,2025-01-09,10:00,10,3,0.933,0,0,7,1
562,3,2025-01-09,10:30,10,3,0.904,0,0,7,1
563,3,2025-01-09,11:00,11,3,0.996,0,0,7,1
564,3,2025-01-09,11:30,11,3,0.967,1,0,7,0
565,3,2025-01-09,12:00,12,3,0.557,1,0,7,0
566,3,2025-01-09,12:30,12,3,0.582,0,0,7,0
567,3,2025-01-09,13:00,13,3,0.303,0,0,7,1
568,3,2025-01-09,13:30,13,3,0.317,0,0,7,0
569,3,2025-01-09,14:00,14,3,0.419,1,0,7,0
570,3,2025-01-09,14:30,14,3,0.428,0,0,7,1
571,3,2025-01-09,15:00,15,3,0.553,0,0,7,1
572,3,2025-01-09,15:30,15,3,0.575,1,0,7,0
573,3,2025-01-09,16:00,16,3,0.68,0,0,7,0
574,3,2025-01-09,16:30,16,3,0.705,1,0,7,0
575,3,2025-01-09,17:00,17,3,0.456,0,0,7,0
576,3,2025-01-09,17:30,17,3,0.464,0,0,7,0
577,3,2025-01-10,09:00,9,4,0.738,0,0,10,1
578,3,2025-01-10,09:30,9,4,0.703,1,0,10,0
579,3,2025-01-10,10:00,10,4,0.963,0,0,10,1
580,3,2025-01-10,10:30,10,4,0.98,1,0,10,0
581,3,2025-01-10,11:00,11,4,1.0,1,0,10,0
582,3,2025-01-10,11:30,11,4,1.0,0,0,10,1
583,3,2025-01-10,12:00,12,4,0.578,1,0,10,0
584,3,2025-01-10,12:30,12,4,0.536,1,0,10,0
585,3,2025-01-10,13:00,13,4,0.354,1,0,10,0
586,3,2025-01-10,13:30,13,4,0.348,0,0,10,1
587,3,2025-01-10,14:00,14,4,0.45,1,0,10,0
588,3,2025-01-10,14:30,14,4,0.439,1,0,10,0
589,3,2025-01-10,15:00,15,4,0.568,0,0,10,0
590,3,2025-01-10,15:30,15,4,0.572,1,0,10,0
591,3,2025-01-10,16:00,16,4,0.74,0,0,10,1
592,3,2025-01-10,16:30,16,4,0.728,1,0,10,0
593,3,2025-01-10,17:00,17,4,0.456,0,0,10,1
594,3,2025-01-10,17:30,17,4,0.503,0,0,10,1
595,3,2025-01-11,09:00,9,5,0.75,1,0,8,0
596,3,2025-01-11,09:30,9,5,0.747,0,0,8,1
597,3,2025-01-11,10:00,10,5,0.91,0,0,8,1
598,3,2025-01-11,10:30,10,5,0.966,0,0,8,1
599,3,2025-01-11,11:00,11,5,0.977,0,0,8,1
600,3,2025-01-11,11:30,11,5,1.0,0,0,8,1
601,3,2025-01-11,12:00,12,5,0.592,0,0,8,0
602,3,2025-01-11,12:30,12,5,0.6,1,0,8,0
603,3,2025-01-11,13:00,13,5,0.322,0,0,8,1
604,3,2025-01-11,13:30,13,5,0.38,0,0,8,0
605,3,2025-01-11,14:00,14,5,0.484,1,0,8,0
606,3,2025-01-11,14:30,14,5,0.485,1,0,8,0
607,3,2025-01-11,15:00,15,5,0.568,1,0,8,0
608,3,2025-01-11,15:30,15,5,0.609,0,0,8,1
609,3,2025-01-11,16:00,16,5,0.72,0,0,8,1
610,3,2025-01-11,16:30,16,5,0.741,1,0,8,0
611,3,2025-01-11,17:00,17,5,0.453,1,0,8,0
612,3,2025-01-11,17:30,17,5,0.52,1,0,8,0
613,3,2025-01-12,09:00,9,6,0.745,0,0,7,1
614,3,2025-01-12,09:30,9,6,0.706,1,0,7,0
615,3,2025-01-12,10:00,10,6,0.956,0,0,7,1
616,3,2025-01-12,10:30,10,6,0.919,1,0,7,0
617,3,2025-01-12,11:00,11,6,1.0,1,0,7,0
618,3,2025-01-12,11:30,11,6,1.0,0,0,7,1
619,3,2025-01-12,12:00,12,6,0.549,0,0,7,0
620,3,2025-01-12,12:30,12,6,0.549,0,0,7,0
621,3,2025-01-12,13:00,13,6,0.323,1,0,7,0
622,3,2025-01-12,13:30,13,6,0.322,1,0,7,0
623,3,2025-01-12,14:00,14,6,0.453,0,0,7,0
624,3,2025-01-12,14:30,14,6,0.492,1,0,7,0
625,3,2025-01-12,15:00,15,6,0.57,0,0,7,0
626,3,2025-01-12,15:30,15,6,0.622,0,0,7,1
627,3,2025-01-12,16:00,16,6,0.734,1,0,7,0
628,3,2025-01-12,16:30,16,6,0.682,0,0,7,0
629,3,2025-01-12,17:00,17,6,0.509,0,0,7,1
630,3,2025-01-12,17:30,17,6,0.527,0,0,7,1
631,3,2025-01-13,09:00,9,0,0.736,1,0,9,0
632,3,2025-01-13,09:30,9,0,0.746,0,0,9,1
633,3,2025-01-13,10:00,10,0,0.937,1,0,9,0
634,3,2025-01-13,10:30,10,0,0.994,1,0,9,0
635,3,2025-01-13,11:00,11,0,0.99,1,0,9,0
636,3,2025-01-13,11:30,11,0,0.96,1,0,9,0
637,3,2025-01-13,12:00,12,0,0.53,1,0,9,0
638,3,2025-01-13,12:30,12,0,0.514,0,0,9,0
639,3,2025-01-13,13:00,13,0,0.395,0,0,9,1
640,3,2025-01-13,13:30,13,0,0.396,1,0,9,0
641,3,2025-01-13,14:00,14,0,0.465,0,0,9,0
642,3,2025-01-13,14:30,14,0,0.497,0,0,9,1
643,3,2025-01-13,15:00,15,0,0.643,0,0,9,1
644,3,2025-01-13,15:30,15,0,0.572,0,0,9,1
645,3,2025-01-13,16:00,16,0,0.668,1,0,9,0
646,3,2025-01-13,16:30,16,0,0.681,0,0,9,1
647,3,2025-01-13,17:00,17,0,0.463,1,0,9,0
648,3,2025-01-13,17:30,17,0,0.523,0,0,9,1
649,3,2025-01-14,09:00,9,1,0.745,0,0,7,1
650,3,2025-01-14,09:30,9,1,0.689,1,0,7,0
651,3,2025-01-14,10:00,10,1,0.999,0,0,7,1
652,3,2025-01-14,10:30,10,1,0.997,0,0,7,1
653,3,2025-01-14,11:00,11,1,0.953,0,0,7,1
654,3,2025-01-14,11:30,11,1,1.0,1,0,7,0
655,3,2025-01-14,12:00,12,1,0.592,0,0,7,1
656,3,2025-01-14,12:30,12,1,0.522,1,0,7,0
657,3,2025-01-14,13:00,13,1,0.357,1,0,7,0
658,3,2025-01-14,13:30,13,1,0.394,0,0,7,0
659,3,2025-01-14,14:00,14,1,0.475,0,0,7,0
660,3,2025-01-14,14:30,14,1,0.498,0,0,7,0
661,3,2025-01-14,15:00,15,1,0.639,1,0,7,0
662,3,2025-01-14,15:30,15,1,0.559,1,0,7,0
663,3,2025-01-14,16:00,16,1,0.721,0,0,7,1
664,3,2025-01-14,16:30,16,1,0.714,0,0,7,1
665,3,2025-01-14,17:00,17,1,0.539,1,0,7,0
666,3,2025-01-14,17:30,17,1,0.495,0,0,7,0
667,3,2025-01-15,09:00,9,2,0.675,0,0,9,0
668,3,2025-01-15,09:30,9,2,0.676,0,0,9,0
669,3,2025-01-15,10:00,10,2,0.9,0,0,9,1
670,3,2025-01-15,10:30,10,2,0.939,0,0,9,1
671,3,2025-01-15,11:00,11,2,1.0,1,0,9,0
672,3,2025-01-15,11:30,11,2,1.0,0,0,9,1
673,3,2025-01-15,12:00,12,2,0.588,1,0,9,0
674,3,2025-01-15,12:30,12,2,0.549,1,0,9,0
675,3,2025-01-15,13:00,13,2,0.338,0,0,9,1
676,3,2025-01-15,13:30,13,2,0.31,1,0,9,0
677,3,2025-01-15,14:00,14,2,0.448,0,0,9,1
678,3,2025-01-15,14:30,14,2,0.465,0,0,9,1
679,3,2025-01-15,15:00,15,2,0.566,1,0,9,0
680,3,2025-01-15,15:30,15,2,0.557,0,0,9,1
681,3,2025-01-15,16:00,16,2,0.679,1,0,9,0
682,3,2025-01-15,16:30,16,2,0.682,1,0,9,0
683,3,2025-01-15,17:00,17,2,0.545,1,0,9,0
684,3,2025-01-15,17:30,17,2,0.457,1,0,9,0
685,3,2025-01-16,09:00,9,3,0.667,0,0,10,0
686,3,2025-01-16,09:30,9,3,0.723,1,0,10,0
687,3,2025-01-16,10:00,10,3,0.955,0,0,10,1
688,3,2025-01-16,10:30,10,3,0.99,1,0,10,0
689,3,2025-01-16,11:00,11,3,0.959,1,0,10,0
690,3,2025-01-16,11:30,11,3,1.0,0,0,10,1
691,3,2025-01-16,12:00,12,3,0.561,0,0,10,0
692,3,2025-01-16,12:30,12,3,0.503,1,0,10,0
693,3,2025-01-16,13:00,13,3,0.394,0,0,10,0
694,3,2025-01-16,13:30,13,3,0.389,1,0,10,0
695,3,2025-01-16,14:00,14,3,0.416,0,0,10,0
696,3,2025-01-16,14:30,14,3,0.421,1,0,10,0
697,3,2025-01-16,15:00,15,3,0.569,0,0,10,1
698,3,2025-01-16,15:30,15,3,0.622,1,0,10,0
699,3,2025-01-16,16:00,16,3,0.723,1,0,10,0
700,3,2025-01-16,16:30,16,3,0.677,1,0,10,0
701,3,2025-01-16,17:00,17,3,0.478,0,0,10,0
702,3,2025-01-16,17:30,17,3,0.455,1,0,10,0
703,3,2025-01-17,09:00,9,4,0.707,0,0,8,1
704,3,2025-01-17,09:30,9,4,0.734,0,0,8,1
705,3,2025-01-17,10:00,10,4,0.915,0,0,8,1
706,3,2025-01-17,10:30,10,4,0.936,1,0,8,0
707,3,2025-01-17,11:00,11,4,0.993,1,0,8,0
708,3,2025-01-17,11:30,11,4,0.979,0,0,8,1
709,3,2025-01-17,12:00,12,4,0.566,1,0,8,0
710,3,2025-01-17,12:30,12,4,0.56,0,0,8,0
711,3,2025-01-17,13:00,13,4,0.303,1,0,8,0
712,3,2025-01-17,13:30,13,4,0.317,1,0,8,0
713,3,2025-01-17,14:00,14,4,0.429,0,0,8,0
714,3,2025-01-17,14:30,14,4,0.484,1,0,8,0
715,3,2025-01-17,15:00,15,4,0.581,0,0,8,0
716,3,2025-01-17,15:30,15,4,0.599,0,0,8,1
717,3,2025-01-17,16:00,16,4,0.659,1,0,8,0
718,3,2025-01-17,16:30,16,4,0.704,0,0,8,1
719,3,2025-01-17,17:00,17,4,0.468,1,0,8,0
720,3,2025-01-17,17:30,17,4,0.539,0,0,8,0
721,3,2025-01-18,09:00,9,5,0.695,0,0,7,0
722,3,2025-01-18,09:30,9,5,0.697,1,0,7,0
723,3,2025-01-18,10:00,10,5,0.923,0,0,7,1
724,3,2025-01-18,10:30,10,5,0.927,0,0,7,1
725,3,2025-01-18,11:00,11,5,0.956,1,0,7,0
726,3,2025-01-18,11:30,11,5,1.0,1,0,7,0
727,3,2025-01-18,12:00,12,5,0.567,0,0,7,0
728,3,2025-01-18,12:30,12,5,0.534,1,0,7,0
729,3,2025-01-18,13:00,13,5,0.354,1,0,7,0
730,3,2025-01-18,13:30,13,5,0.397,0,0,7,1
731,3,2025-01-18,14:00,14,5,0.455,1,0,7,0
732,3,2025-01-18,14:30,14,5,0.484,0,0,7,1
733,3,2025-01-18,15:00,15,5,0.592,0,0,7,1
734,3,2025-01-18,15:30,15,5,0.637,0,0,7,0
735,3,2025-01-18,16:00,16,5,0.738,0,0,7,1
736,3,2025-01-18,16:30,16,5,0.698,1,0,7,0
737,3,2025-01-18,17:00,17,5,0.458,0,0,7,1
738,3,2025-01-18,17:30,17,5,0.521,0,0,7,1
739,3,2025-01-19,09:00,9,6,0.74,0,0,7,1
740,3,2025-01-19,09:30,9,6,0.73,0,0,7,1
741,3,2025-01-19,10:00,10,6,0.968,0,0,7,1
742,3,2025-01-19,10:30,10,6,0.962,0,0,7,1
743,3,2025-01-19,11:00,11,6,0.962,0,0,7,1
744,3,2025-01-19,11:30,11,6,1.0,0,0,7,1
745,3,2025-01-19,12:00,12,6,0.517,1,0,7,0
746,3,2025-01-19,12:30,12,6,0.598,0,0,7,1
747,3,2025-01-19,13:00,13,6,0.381,1,0,7,0
748,3,2025-01-19,13:30,13,6,0.313,1,0,7,0
749,3,2025-01-19,14:00,14,6,0.442,1,0,7,0
750,3,2025-01-19,14:30,14,6,0.499,0,0,7,0
751,3,2025-01-19,15:00,15,6,0.65,1,0,7,0
752,3,2025-01-19,15:30,15,6,0.613,1,0,7,0
753,3,2025-01-19,16:00,16,6,0.733,0,0,7,1
754,3,2025-01-19,16:30,16,6,0.676,1,0,7,0
755,3,2025-01-19,17:00,17,6,0.541,0,0,7,1
756,3,2025-01-19,17:30,17,6,0.457,0,0,7,0
757,4,2025-01-06,09:00,9,0,0.59,0,0,6,0
758,4,2025-01-06,09:30,9,0,0.578,0,0,6,0
759,4,2025-01-06,10:00,10,0,0.887,0,0,6,1
760,4,2025-01-06,10:30,10,0,0.879,0,0,6,1
761,4,2025-01-06,11:00,11,0,0.912,0,0,6,1
762,4,2025-01-06,11:30,11,0,0.902,0,0,6,1
763,4,2025-01-06,12:00,12,0,0.642,0,0,6,0
764,4,2025-01-06,12:30,12,0,0.615,1,0,6,0
765,4,2025-01-06,13:00,13,0,0.459,0,0,6,1
766,4,2025-01-06,13:30,13,0,0.494,0,0,6,1
767,4,2025-01-06,14:00,14,0,0.556,1,0,6,0
768,4,2025-01-06,14:30,14,0,0.51,1,0,6,0
769,4,2025-01-06,15:00,15,0,0.679,1,0,6,0
770,4,2025-01-06,15:30,15,0,0.704,0,0,6,1
771,4,2025-01-06,16:00,16,0,0.784,0,0,6,1
772,4,2025-01-06,16:30,16,0,0.791,1,0,6,0
773,4,2025-01-06,17:00,17,0,0.588,1,0,6,0
774,4,2025-01-06,17:30,17,0,0.599,0,0,6,1
775,4,2025-01-07,09:00,9,1,0.554,1,0,9,0
776,4,2025-01-07,09:30,9,1,0.578,1,0,9,0
777,4,2025-01-07,10:00,10,1,0.814,0,0,9,1
778,4,2025-01-07,10:30,10,1,0.861,1,0,9,0
779,4,2025-01-07,11:00,11,1,0.919,0,0,9,1
780,4,2025-01-07,11:30,11,1,0.854,1,0,9,0
781,4,2025-01-07,12:00,12,1,0.689,1,0,9,0
782,4,2025-01-07,12:30,12,1,0.633,1,0,9,0
783,4,2025-01-07,13:00,13,1,0.424,1,0,9,0
784,4,2025-01-07,13:30,13,1,0.475,1,0,9,0
785,4,2025-01-07,14:00,14,1,0.592,0,0,9,1
786,4,2025-01-07,14:30,14,1,0.502,0,0,9,1
787,4,2025-01-07,15:00,15,1,0.68,0,0,9,0
788,4,2025-01-07,15:30,15,1,0.699,0,0,9,1
789,4,2025-01-07,16:00,16,1,0.76,1,0,9,0
790,4,2025-01-07,16:30,16,1,0.837,0,0,9,1
791,4,2025-01-07,17:00,17,1,0.563,0,0,9,1
792,4,2025-01-07,17:30,17,1,0.594,0,0,9,1
793,4,2025-01-08,09:00,9,2,0.577,0,0,9,0
794,4,2025-01-08,09:30,9,2,0.615,0,0,9,0
795,4,2025-01-08,10:00,10,2,0.821,1,0,9,0
796,4,2025-01-08,10:30,10,2,0.882,0,0,9,1
797,4,2025-01-08,11:00,11,2,0.924,1,0,9,0
798,4,2025-01-08,11:30,11,2,0.926,1,0,9,0
799,4,2025-01-08,12:00,12,2,0.687,1,0,9,0
800,4,2025-01-08,12:30,12,2,0.682,0,0,9,1
801,4,2025-01-08,13:00,13,2,0.416,1,0,9,0
802,4,2025-01-08,13:30,13,2,0.431,0,0,9,1
803,4,2025-01-08,14:00,14,2,0.514,0,0,9,1
804,4,2025-01-08,14:30,14,2,0.588,0,0,9,0
805,4,2025-01-08,15:00,15,2,0.669,1,0,9,0
806,4,2025-01-08,15:30,15,2,0.733,1,0,9,0
807,4,2025-01-08,16:00,16,2,0.834,0,0,9,1
808,4,2025-01-08,16:30,16,2,0.775,0,0,9,1
809,4,2025-01-08,17:00,17,2,0.596,1,0,9,0
810,4,2025-01-08,17:30,17,2,0.642,1,0,9,0
811,4,2025-01-09,09:00,9,3,0.62,1,0,8,0
812,4,2025-01-09,09:30,9,3,0.577,0,0,8,1
813,4,2025-01-09,10:00,10,3,0.851,0,0,8,1
814,4,2025-01-09,10:30,10,3,0.864,1,0,8,0
815,4,2025-01-09,11:00,11,3,0.862,0,0,8,1
816,4,2025-01-09,11:30,11,3,0.853,0,0,8,1
817,4,2025-01-09,12:00,12,3,0.637,1,0,8,0
818,4,2025-01-09,12:30,12,3,0.659,1,0,8,0
819,4,2025-01-09,13:00,13,3,0.418,0,0,8,1
820,4,2025-01-09,13:30,13,3,0.459,1,0,8,0
821,4,2025-01-09,14:00,14,3,0.535,1,0,8,0
822,4,2025-01-09,14:30,14,3,0.516,0,0,8,1
823,4,2025-01-09,15:00,15,3,0.725,0,0,8,1
824,4,2025-01-09,15:30,15,3,0.719,1,0,8,0
825,4,2025-01-09,16:00,16,3,0.779,0,0,8,1
826,4,2025-01-09,16:30,16,3,0.789,0,0,8,1
827,4,2025-01-09,17:00,17,3,0.566,1,0,8,0
828,4,2025-01-09,17:30,17,3,0.607,0,0,8,1
829,4,2025-01-10,09:00,9,4,0.636,1,0,9,0
830,4,2025-01-10,09:30,9,4,0.615,1,0,9,0
831,4,2025-01-10,10:00,10,4,0.868,1,0,9,0
832,4,2025-01-10,10:30,10,4,0.827,0,0,9,1
833,4,2025-01-10,11:00,11,4,0.891,1,0,9,0
834,4,2025-01-10,11:30,11,4,0.852,0,0,9,1
835,4,2025-01-10,12:00,12,4,0.678,1,0,9,0
836,4,2025-01-10,12:30,12,4,0.677,1,0,9,0
837,4,2025-01-10,13:00,13,4,0.401,0,0,9,1
838,4,2025-01-10,13:30,13,4,0.465,0,0,9,1
839,4,2025-01-10,14:00,14,4,0.501,1,0,9,0
840,4,2025-01-10,14:30,14,4,0.525,0,0,9,1
841,4,2025-01-10,15:00,15,4,0.681,0,0,9,1
842,4,2025-01-10,15:30,15,4,0.714,1,0,9,0
843,4,2025-01-10,16:00,16,4,0.792,1,0,9,0
844,4,2025-01-10,16:30,16,4,0.788,0,0,9,1
845,4,2025-01-10,17:00,17,4,0.585,0,0,9,0
846,4,2025-01-10,17:30,17,4,0.597,0,0,9,1
847,4,2025-01-11,09:00,9,5,0.632,0,0,10,0
848,4,2025-01-11,09:30,9,5,0.56,1,0,10,0
849,4,2025-01-11,10:00,10,5,0.851,1,0,10,0
850,4,2025-01-11,10:30,10,5,0.866,0,0,10,1
851,4,2025-01-11,11:00,11,5,0.934,0,0,10,1
852,4,2025-01-11,11:30,11,5,0.887,0,0,10,1
853,4,2025-01-11,12:00,12,5,0.665,1,0,10,0
854,4,2025-01-11,12:30,12,5,0.661,1,0,10,0
855,4,2025-01-11,13:00,13,5,0.43,0,0,10,0
856,4,2025-01-11,13:30,13,5,0.406,1,0,10,0
857,4,2025-01-11,14:00,14,5,0.599,1,0,10,0
858,4,2025-01-11,14:30,14,5,0.564,0,0,10,1
859,4,2025-01-11,15:00,15,5,0.676,1,0,10,0
860,4,2025-01-11,15:30,15,5,0.721,1,0,10,0
861,4,2025-01-11,16:00,16,5,0.839,0,0,10,1
862,4,2025-01-11,16:30,16,5,0.78,1,0,10,0
863,4,2025-01-11,17:00,17,5,0.565,1,0,10,0
864,4,2025-01-11,17:30,17,5,0.627,0,0,10,1
865,4,2025-01-12,09:00,9,6,0.631,0,0,9,1
866,4,2025-01-12,09:30,9,6,0.61,0,0,9,1
867,4,2025-01-12,10:00,10,6,0.868,0,0,9,1
868,4,2025-01-12,10:30,10,6,0.872,1,0,9,0
869,4,2025-01-12,11:00,11,6,0.916,1,0,9,0
870,4,2025-01-12,11:30,11,6,0.95,0,0,9,1
871,4,2025-01-12,12:00,12,6,0.626,0,0,9,0
872,4,2025-01-12,12:30,12,6,0.639,1,0,9,0
873,4,2025-01-12,13:00,13,6,0.404,0,0,9,1
874,4,2025-01-12,13:30,13,6,0.457,0,0,9,0
875,4,2025-01-12,14:00,14,6,0.573,1,0,9,0
876,4,2025-01-12,14:30,14,6,0.522,1,0,9,0
877,4,2025-01-12,15:00,15,6,0.703,0,0,9,1
878,4,2025-01-12,15:30,15,6,0.728,1,0,9,0
879,4,2025-01-12,16:00,16,6,0.841,0,0,9,1
880,4,2025-01-12,16:30,16,6,0.817,1,0,9,0
881,4,2025-01-12,17:00,17,6,0.601,1,0,9,0
882,4,2025-01-12,17:30,17,6,0.635,1,0,9,0
883,4,2025-01-13,09:00,9,0,0.634,0,0,8,1
884,4,2025-01-13,09:30,9,0,0.568,0,0,8,0
885,4,2025-01-13,10:00,10,0,0.813,0,0,8,1
886,4,2025-01-13,10:30,10,0,0.826,1,0,8,0
887,4,2025-01-13,11:00,11,0,0.931,1,0,8,0
888,4,2025-01-13,11:30,11,0,0.926,1,0,8,0
889,4,2025-01-13,12:00,12,0,0.618,1,0,8,0
890,4,2025-01-13,12:30,12,0,0.668,1,0,8,0
891,4,2025-01-13,13:00,13,0,0.434,0,0,8,0
892,4,2025-01-13,13:30,13,0,0.436,1,0,8,0
893,4,2025-01-13,14:00,14,0,0.574,0,0,8,0
894,4,2025-01-13,14:30,14,0,0.579,0,0,8,0
895,4,2025-01-13,15:00,15,0,0.676,0,0,8,0
896,4,2025-01-13,15:30,15,0,0.735,1,0,8,0
897,4,2025-01-13,16:00,16,0,0.797,0,0,8,1
898,4,2025-01-13,16:30,16,0,0.837,1,0,8,0
899,4,2025-01-13,17:00,17,0,0.608,0,0,8,1
900,4,2025-01-13,17:30,17,0,0.557,0,0,8,1
901,4,2025-01-14,09:00,9,1,0.6,1,0,7,0
902,4,2025-01-14,09:30,9,1,0.637,1,0,7,0
903,4,2025-01-14,10:00,10,1,0.838,0,0,7,1
904,4,2025-01-14,10:30,10,1,0.83,1,0,7,0
905,4,2025-01-14,11:00,11,1,0.855,1,0,7,0
906,4,2025-01-14,11:30,11,1,0.935,0,0,7,1
907,4,2025-01-14,12:00,12,1,0.614,0,0,7,0
908,4,2025-01-14,12:30,12,1,0.641,1,0,7,0
909,4,2025-01-14,13:00,13,1,0.457,0,0,7,1
910,4,2025-01-14,13:30,13,1,0.446,0,0,7,0
911,4,2025-01-14,14:00,14,1,0.572,0,0,7,1
912,4,2025-01-14,14:30,14,1,0.549,0,0,7,1
913,4,2025-01-14,15:00,15,1,0.668,1,0,7,0
914,4,2025-01-14,15:30,15,1,0.713,0,0,7,1
915,4,2025-01-14,16:00,16,1,0.75,0,0,7,1
916,4,2025-01-14,16:30,16,1,0.777,0,0,7,1
917,4,2025-01-14,17:00,17,1,0.626,0,0,7,0
918,4,2025-01-14,17:30,17,1,0.626,1,0,7,0
919,4,2025-01-15,09:00,9,2,0.599,0,0,7,1
920,4,2025-01-15,09:30,9,2,0.559,0,0,7,1
921,4,2025-01-15,10:00,10,2,0.863,0,0,7,1
922,4,2025-01-15,10:30,10,2,0.84,0,0,7,1
923,4,2025-01-15,11:00,11,2,0.947,1,0,7,0
924,4,2025-01-15,11:30,11,2,0.888,1,0,7,0
925,4,2025-01-15,12:00,12,2,0.604,0,0,7,0
926,4,2025-01-15,12:30,12,2,0.637,0,0,7,0
927,4,2025-01-15,13:00,13,2,0.432,1,0,7,0
928,4,2025-01-15,13:30,13,2,0.483,0,0,7,0
929,4,2025-01-15,14:00,14,2,0.568,0,0,7,1
930,4,2025-01-15,14:30,14,2,0.525,1,0,7,0
931,4,2025-01-15,15:00,15,2,0.719,1,0,7,0
932,4,2025-01-15,15:30,15,2,0.684,0,0,7,0
933,4,2025-01-15,16:00,16,2,0.788,0,0,7,1
934,4,2025-01-15,16:30,16,2,0.809,1,0,7,0
935,4,2025-01-15,17:00,17,2,0.567,0,0,7,1
936,4,2025-01-15,17:30,17,2,0.58,1,0,7,0
937,4,2025-01-16,09:00,9,3,0.579,0,0,5,1
938,4,2025-01-16,09:30,9,3,0.61,0,0,5,0
939,4,2025-01-16,10:00,10,3,0.889,0,0,5,1
940,4,2025-01-16,10:30,10,3,0.9,0,0,5,1
941,4,2025-01-16,11:00,11,3,0.884,0,0,5,1
942,4,2025-01-16,11:30,11,3,0.94,0,0,5,1
943,4,2025-01-16,12:00,12,3,0.636,1,0,5,0
944,4,2025-01-16,12:30,12,3,0.619,0,0,5,1
945,4,2025-01-16,13:00,13,3,0.492,1,0,5,0
946,4,2025-01-16,13:30,13,3,0.44,1,0,5,0
947,4,2025-01-16,14:00,14,3,0.523,0,0,5,1
948,4,2025-01-16,14:30,14,3,0.513,1,0,5,0
949,4,2025-01-16,15:00,15,3,0.723,0,0,5,1
950,4,2025-01-16,15:30,15,3,0.709,0,0,5,1
951,4,2025-01-16,16:00,16,3,0.767,1,0,5,0
952,4,2025-01-16,16:30,16,3,0.787,0,0,5,1
953,4,2025-01-16,17:00,17,3,0.615,0,0,5,0
954,4,2025-01-16,17:30,17,3,0.638,0,0,5,0
955,4,2025-01-17,09:00,9,4,0.603,1,0,10,0
956,4,2025-01-17,09:30,9,4,0.555,1,0,10,0
957,4,2025-01-17,10:00,10,4,0.899,1,0,10,0
958,4,2025-01-17,10:30,10,4,0.866,0,0,10,1
959,4,2025-01-17,11:00,11,4,0.915,1,0,10,0
960,4,2025-01-17,11:30,11,4,0.852,0,0,10,1
961,4,2025-01-17,12:00,12,4,0.669,1,0,10,0
962,4,2025-01-17,12:30,12,4,0.642,0,0,10,0
963,4,2025-01-17,13:00,13,4,0.455,0,0,10,0
964,4,2025-01-17,13:30,13,4,0.415,1,0,10,0
965,4,2025-01-17,14:00,14,4,0.57,1,0,10,0
966,4,2025-01-17,14:30,14,4,0.563,0,0,10,0
967,4,2025-01-17,15:00,15,4,0.716,0,0,10,1
968,4,2025-01-17,15:30,15,4,0.716,0,0,10,1
969,4,2025-01-17,16:00,16,4,0.777,1,0,10,0
970,4,2025-01-17,16:30,16,4,0.811,0,0,10,1
971,4,2025-01-17,17:00,17,4,0.564,1,0,10,0
972,4,2025-01-17,17:30,17,4,0.633,1,0,10,0
973,4,2025-01-18,09:00,9,5,0.56,0,0,7,1
974,4,2025-01-18,09:30,9,5,0.562,1,0,7,0
975,4,2025-01-18,10:00,10,5,0.811,0,0,7,1
976,4,2025-01-18,10:30,10,5,0.811,1,0,7,0
977,4,2025-01-18,11:00,11,5,0.87,0,0,7,1
978,4,2025-01-18,11:30,11,5,0.87,1,0,7,0
979,4,2025-01-18,12:00,12,5,0.626,1,0,7,0
980,4,2025-01-18,12:30,12,5,0.652,1,0,7,0
981,4,2025-01-18,13:00,13,5,0.42,0,0,7,1
982,4,2025-01-18,13:30,13,5,0.43,0,0,7,0
983,4,2025-01-18,14:00,14,5,0.55,0,0,7,0
984,4,2025-01-18,14:30,14,5,0.593,1,0,7,0
985,4,2025-01-18,15:00,15,5,0.683,0,0,7,0
986,4,2025-01-18,15:30,15,5,0.717,0,0,7,1
987,4,2025-01-18,16:00,16,5,0.841,1,0,7,0
988,4,2025-01-18,16:30,16,5,0.834,0,0,7,1
989,4,2025-01-18,17:00,17,5,0.617,0,0,7,0
990,4,2025-01-18,17:30,17,5,0.559,0,0,7,1
991,4,2025-01-19,09:00,9,6,0.622,1,0,10,0
992,4,2025-01-19,09:30,9,6,0.56,1,0,10,0
993,4,2025-01-19,10:00,10,6,0.826,1,0,10,0
994,4,2025-01-19,10:30,10,6,0.823,1,0,10,0
995,4,2025-01-19,11:00,11,6,0.949,0,0,10,1
996,4,2025-01-19,11:30,11,6,0.88,0,0,10,1
997,4,2025-01-19,12:00,12,6,0.646,0,0,10,0
998,4,2025-01-19,12:30,12,6,0.617,0,0,10,0
999,4,2025-01-19,13:00,13,6,0.429,1,0,10,0
1000,4,2025-01-19,13:30,13,6,0.48,1,0,10,0
1001,4,2025-01-19,14:00,14,6,0.531,1,0,10,0
1002,4,2025-01-19,14:30,14,6,0.574,0,0,10,0
1003,4,2025-01-19,15:00,15,6,0.726,1,0,10,0
1004,4,2025-01-19,15:30,15,6,0.655,0,0,10,1
1005,4,2025-01-19,16:00,16,6,0.816,1,0,10,0
1006,4,2025-01-19,16:30,16,6,0.767,0,0,10,1
1007,4,2025-01-19,17:00,17,6,0.586,1,0,10,0
1008,4,2025-01-19,17:30,17,6,0.594,0,0,10,1
1009,5,2025-01-06,09:00,9,0,0.538,1,0,6,0
1010,5,2025-01-06,09:30,9,0,0.459,0,0,6,1
1011,5,2025-01-06,10:00,10,0,0.718,1,0,6,0
1012,5,2025-01-06,10:30,10,0,0.74,0,0,6,1
1013,5,2025-01-06,11:00,11,0,0.846,1,0,6,0
1014,5,2025-01-06,11:30,11,0,0.777,1,0,6,0
1015,5,2025-01-06,12:00,12,0,0.739,0,0,6,1
1016,5,2025-01-06,12:30,12,0,0.785,0,0,6,1
1017,5,2025-01-06,13:00,13,0,0.58,0,0,6,1
1018,5,2025-01-06,13:30,13,0,0.58,0,0,6,0
1019,5,2025-01-06,14:00,14,0,0.67,1,0,6,0
1020,5,2025-01-06,14:30,14,0,0.606,0,0,6,1
1021,5,2025-01-06,15:00,15,0,0.766,0,0,6,1
1022,5,2025-01-06,15:30,15,0,0.792,0,0,6,1
1023,5,2025-01-06,16:00,16,0,0.909,0,0,6,1
1024,5,2025-01-06,16:30,16,0,0.93,0,0,6,1
1025,5,2025-01-06,17:00,17,0,0.718,1,0,6,0
1026,5,2025-01-06,17:30,17,0,0.668,0,0,6,0
1027,5,2025-01-07,09:00,9,1,0.486,1,0,9,0
1028,5,2025-01-07,09:30,9,1,0.453,1,0,9,0
1029,5,2025-01-07,10:00,10,1,0.768,0,0,9,1
1030,5,2025-01-07,10:30,10,1,0.784,0,0,9,1
1031,5,2025-01-07,11:00,11,1,0.847,0,0,9,1
1032,5,2025-01-07,11:30,11,1,0.763,0,0,9,1
1033,5,2025-01-07,12:00,12,1,0.792,1,0,9,0
1034,5,2025-01-07,12:30,12,1,0.711,1,0,9,0
1035,5,2025-01-07,13:00,13,1,0.541,0,0,9,0
1036,5,2025-01-07,13:30,13,1,0.526,1,0,9,0
1037,5,2025-01-07,14:00,14,1,0.631,1,0,9,0
1038,5,2025-01-07,14:30,14,1,0.67,0,0,9,1
1039,5,2025-01-07,15:00,15,1,0.827,1,0,9,0
1040,5,2025-01-07,15:30,15,1,0.808,0,0,9,1
1041,5,2025-01-07,16:00,16,1,0.907,1,0,9,0
1042,5,2025-01-07,16:30,16,1,0.948,0,0,9,1
1043,5,2025-01-07,17:00,17,1,0.717,0,0,9,1
1044,5,2025-01-07,17:30,17,1,0.684,1,0,9,0
1045,5,2025-01-08,09:00,9,2,0.502,0,0,9,1
1046,5,2025-01-08,09:30,9,2,0.46,1,0,9,0
1047,5,2025-01-08,10:00,10,2,0.766,0,0,9,1
1048,5,2025-01-08,10:30,10,2,0.725,0,0,9,1
1049,5,2025-01-08,11:00,11,2,0.785,0,0,9,1
1050,5,2025-01-08,11:30,11,2,0.818,0,0,9,1
1051,5,2025-01-08,12:00,12,2,0.738,1,0,9,0
1052,5,2025-01-08,12:30,12,2,0.784,0,0,9,1
1053,5,2025-01-08,13:00,13,2,0.556,1,0,9,0
1054,5,2025-01-08,13:30,13,2,0.599,1,0,9,0
1055,5,2025-01-08,14:00,14,2,0.605,0,0,9,1
1056,5,2025-01-08,14:30,14,2,0.616,1,0,9,0
1057,5,2025-01-08,15:00,15,2,0.835,0,0,9,1
1058,5,2025-01-08,15:30,15,2,0.835,0,0,9,1
1059,5,2025-01-08,16:00,16,2,0.937,1,0,9,0
1060,5,2025-01-08,16:30,16,2,0.857,1,0,9,0
1061,5,2025-01-08,17:00,17,2,0.699,1,0,9,0
1062,5,2025-01-08,17:30,17,2,0.674,1,0,9,0
1063,5,2025-01-09,09:00,9,3,0.547,0,0,8,0
1064,5,2025-01-09,09:30,9,3,0.472,1,0,8,0
1065,5,2025-01-09,10:00,10,3,0.764,1,0,8,0
1066,5,2025-01-09,10:30,10,3,0.74,0,0,8,1
1067,5,2025-01-09,11:00,11,3,0.773,0,0,8,1
1068,5,2025-01-09,11:30,11,3,0.796,1,0,8,0
1069,5,2025-01-09,12:00,12,3,0.78,1,0,8,0
1070,5,2025-01-09,12:30,12,3,0.745,0,0,8,1
1071,5,2025-01-09,13:00,13,3,0.586,0,0,8,0
1072,5,2025-01-09,13:30,13,3,0.512,0,0,8,0
1073,5,2025-01-09,14:00,14,3,0.665,0,0,8,0
1074,5,2025-01-09,14:30,14,3,0.641,1,0,8,0
1075,5,2025-01-09,15:00,15,3,0.806,0,0,8,1
1076,5,2025-01-09,15:30,15,3,0.75,0,0,8,1
1077,5,2025-01-09,16:00,16,3,0.859,1,0,8,0
1078,5,2025-01-09,16:30,16,3,0.91,0,0,8,1
1079,5,2025-01-09,17:00,17,3,0.712,1,0,8,0
1080,5,2025-01-09,17:30,17,3,0.68,1,0,8,0
1081,5,2025-01-10,09:00,9,4,0.501,0,0,9,0
1082,5,2025-01-10,09:30,9,4,0.517,0,0,9,1
1083,5,2025-01-10,10:00,10,4,0.736,1,0,9,0
1084,5,2025-01-10,10:30,10,4,0.705,1,0,9,0
1085,5,2025-01-10,11:00,11,4,0.772,0,0,9,1
1086,5,2025-01-10,11:30,11,4,0.795,0,0,9,1
1087,5,2025-01-10,12:00,12,4,0.756,0,0,9,1
1088,5,2025-01-10,12:30,12,4,0.762,1,0,9,0
1089,5,2025-01-10,13:00,13,4,0.547,1,0,9,0
1090,5,2025-01-10,13:30,13,4,0.566,1,0,9,0
1091,5,2025-01-10,14:00,14,4,0.672,1,0,9,0
1092,5,2025-01-10,14:30,14,4,0.611,1,0,9,0
1093,5,2025-01-10,15:00,15,4,0.826,0,0,9,1
1094,5,2025-01-10,15:30,15,4,0.772,0,0,9,1
1095,5,2025-01-10,16:00,16,4,0.884,0,0,9,1
1096,5,2025-01-10,16:30,16,4,0.933,1,0,9,0
1097,5,2025-01-10,17:00,17,4,0.746,0,0,9,1
1098,5,2025-01-10,17:30,17,4,0.679,1,0,9,0
1099,5,2025-01-11,09:00,9,5,0.502,1,0,10,0
1100,5,2025-01-11,09:30,9,5,0.52,0,0,10,0
1101,5,2025-01-11,10:00,10,5,0.716,0,0,10,1
1102,5,2025-01-11,10:30,10,5,0.714,0,0,10,1
1103,5,2025-01-11,11:00,11,5,0.822,1,0,10,0
1104,5,2025-01-11,11:30,11,5,0.822,1,0,10,0
1105,5,2025-01-11,12:00,12,5,0.711,0,0,10,1
1106,5,2025-01-11,12:30,12,5,0.761,0,0,10,1
1107,5,2025-01-11,13:00,13,5,0.519,1,0,10,0
1108,5,2025-01-11,13:30,13,5,0.593,0,0,10,0
1109,5,2025-01-11,14:00,14,5,0.646,1,0,10,0
1110,5,2025-01-11,14:30,14,5,0.678,1,0,10,0
1111,5,2025-01-11,15:00,15,5,0.822,1,0,10,0
1112,5,2025-01-11,15:30,15,5,0.761,0,0,10,1
1113,5,2025-01-11,16:00,16,5,0.891,1,0,10,0
1114,5,2025-01-11,16:30,16,5,0.943,1,0,10,0
1115,5,2025-01-11,17:00,17,5,0.734,1,0,10,0
1116,5,2025-01-11,17:30,17,5,0.709,0,0,10,1
1117,5,2025-01-12,09:00,9,6,0.527,1,0,7,0
1118,5,2025-01-12,09:30,9,6,0.495,1,0,7,0
1119,5,2025-01-12,10:00,10,6,0.766,1,0,7,0
1120,5,2025-01-12,10:30,10,6,0.796,0,0,7,1
1121,5,2025-01-12,11:00,11,6,0.763,1,0,7,0
1122,5,2025-01-12,11:30,11,6,0.8,0,0,7,1
1123,5,2025-01-12,12:00,12,6,0.753,0,0,7,1
1124,5,2025-01-12,12:30,12,6,0.705,0,0,7,1
1125,5,2025-01-12,13:00,13,6,0.594,0,0,7,1
1126,5,2025-01-12,13:30,13,6,0.548,1,0,7,0
1127,5,2025-01-12,14:00,14,6,0.651,0,0,7,1
1128,5,2025-01-12,14:30,14,6,0.618,0,0,7,1
1129,5,2025-01-12,15:00,15,6,0.823,1,0,7,0
1130,5,2025-01-12,15:30,15,6,0.763,0,0,7,1
1131,5,2025-01-12,16:00,16,6,0.889,0,0,7,1
1132,5,2025-01-12,16:30,16,6,0.91,0,0,7,1
1133,5,2025-01-12,17:00,17,6,0.738,0,0,7,1
1134,5,2025-01-12,17:30,17,6,0.7,1,0,7,0
1135,5,2025-01-13,09:00,9,0,0.488,1,0,8,0
1136,5,2025-01-13,09:30,9,0,0.548,0,0,8,1
1137,5,2025-01-13,10:00,10,0,0.776,0,0,8,1
1138,5,2025-01-13,10:30,10,0,0.727,1,0,8,0
1139,5,2025-01-13,11:00,11,0,0.846,1,0,8,0
1140,5,2025-01-13,11:30,11,0,0.847,0,0,8,1
1141,5,2025-01-13,12:00,12,0,0.745,0,0,8,1
1142,5,2025-01-13,12:30,12,0,0.713,0,0,8,1
1143,5,2025-01-13,13:00,13,0,0.541,1,0,8,0
1144,5,2025-01-13,13:30,13,0,0.57,1,0,8,0
1145,5,2025-01-13,14:00,14,0,0.675,1,0,8,0
1146,5,2025-01-13,14:30,14,0,0.63,0,0,8,1
1147,5,2025-01-13,15:00,15,0,0.836,0,0,8,1
1148,5,2025-01-13,15:30,15,0,0.821,0,0,8,1
1149,5,2025-01-13,16:00,16,0,0.944,0,0,8,1
1150,5,2025-01-13,16:30,16,0,0.913,1,0,8,0
1151,5,2025-01-13,17:00,17,0,0.67,0,0,8,1
1152,5,2025-01-13,17:30,17,0,0.679,1,0,8,0
1153,5,2025-01-14,09:00,9,1,0.485,0,0,6,1
1154,5,2025-01-14,09:30,9,1,0.548,1,0,6,0
1155,5,2025-01-14,10:00,10,1,0.765,0,0,6,1
1156,5,2025-01-14,10:30,10,1,0.796,0,0,6,1
1157,5,2025-01-14,11:00,11,1,0.8,0,0,6,1
1158,5,2025-01-14,11:30,11,1,0.819,0,0,6,1
1159,5,2025-01-14,12:00,12,1,0.732,1,0,6,0
1160,5,2025-01-14,12:30,12,1,0.712,1,0,6,0
1161,5,2025-01-14,13:00,13,1,0.535,0,0,6,0
1162,5,2025-01-14,13:30,13,1,0.557,0,0,6,1
1163,5,2025-01-14,14:00,14,1,0.642,0,0,6,1
1164,5,2025-01-14,14:30,14,1,0.684,1,0,6,0
1165,5,2025-01-14,15:00,15,1,0.779,1,0,6,0
1166,5,2025-01-14,15:30,15,1,0.835,0,0,6,1
1167,5,2025-01-14,16:00,16,1,0.931,0,0,6,1
1168,5,2025-01-14,16:30,16,1,0.902,1,0,6,0
1169,5,2025-01-14,17:00,17,1,0.653,0,0,6,0
1170,5,2025-01-14,17:30,17,1,0.717,0,0,6,1
1171,5,2025-01-15,09:00,9,2,0.47,1,0,5,0
1172,5,2025-01-15,09:30,9,2,0.525,0,0,5,0
1173,5,2025-01-15,10:00,10,2,0.729,1,0,5,0
1174,5,2025-01-15,10:30,10,2,0.725,0,0,5,1
1175,5,2025-01-15,11:00,11,2,0.834,0,0,5,1
1176,5,2025-01-15,11:30,11,2,0.819,0,0,5,1
1177,5,2025-01-15,12:00,12,2,0.73,0,0,5,1
1178,5,2025-01-15,12:30,12,2,0.775,0,0,5,1
1179,5,2025-01-15,13:00,13,2,0.503,0,0,5,1
1180,5,2025-01-15,13:30,13,2,0.51,0,0,5,1
1181,5,2025-01-15,14:00,14,2,0.674,1,0,5,0
1182,5,2025-01-15,14:30,14,2,0.686,0,0,5,1
1183,5,2025-01-15,15:00,15,2,0.806,1,0,5,0
1184,5,2025-01-15,15:30,15,2,0.774,0,0,5,1
1185,5,2025-01-15,16:00,16,2,0.928,0,0,5,1
1186,5,2025-01-15,16:30,16,2,0.93,0,0,5,1
1187,5,2025-01-15,17:00,17,2,0.679,0,0,5,1
1188,5,2025-01-15,17:30,17,2,0.743,1,0,5,0
1189,5,2025-01-16,09:00,9,3,0.489,0,0,9,1
1190,5,2025-01-16,09:30,9,3,0.548,1,0,9,0
1191,5,2025-01-16,10:00,10,3,0.731,1,0,9,0
1192,5,2025-01-16,10:30,10,3,0.755,1,0,9,0
1193,5,2025-01-16,11:00,11,3,0.751,0,0,9,1
1194,5,2025-01-16,11:30,11,3,0.775,1,0,9,0
1195,5,2025-01-16,12:00,12,3,0.762,0,0,9,1
1196,5,2025-01-16,12:30,12,3,0.778,0,0,9,1
1197,5,2025-01-16,13:00,13,3,0.587,0,0,9,1
1198,5,2025-01-16,13:30,13,3,0.591,1,0,9,0
1199,5,2025-01-16,14:00,14,3,0.67,0,0,9,1
1200,5,2025-01-16,14:30,14,3,0.676,1,0,9,0
1201,5,2025-01-16,15:00,15,3,0.805,1,0,9,0
1202,5,2025-01-16,15:30,15,3,0.81,1,0,9,0
1203,5,2025-01-16,16:00,16,3,0.928,0,0,9,1
1204,5,2025-01-16,16:30,16,3,0.946,0,0,9,1
1205,5,2025-01-16,17:00,17,3,0.679,0,0,9,0
1206,5,2025-01-16,17:30,17,3,0.718,1,0,9,0
1207,5,2025-01-17,09:00,9,4,0.469,0,0,5,0
1208,5,2025-01-17,09:30,9,4,0.501,0,0,5,0
1209,5,2025-01-17,10:00,10,4,0.743,0,0,5,1
1210,5,2025-01-17,10:30,10,4,0.756,0,0,5,1
1211,5,2025-01-17,11:00,11,4,0.763,0,0,5,1
1212,5,2025-01-17,11:30,11,4,0.808,1,0,5,0
1213,5,2025-01-17,12:00,12,4,0.726,0,0,5,1
1214,5,2025-01-17,12:30,12,4,0.733,0,0,5,1
1215,5,2025-01-17,13:00,13,4,0.571,0,0,5,0
1216,5,2025-01-17,13:30,13,4,0.515,1,0,5,0
1217,5,2025-01-17,14:00,14,4,0.632,0,0,5,0
1218,5,2025-01-17,14:30,14,4,0.693,0,0,5,1
1219,5,2025-01-17,15:00,15,4,0.816,1,0,5,0
1220,5,2025-01-17,15:30,15,4,0.799,0,0,5,1
1221,5,2025-01-17,16:00,16,4,0.907,1,0,5,0
1222,5,2025-01-17,16:30,16,4,0.886,1,0,5,0
1223,5,2025-01-17,17:00,17,4,0.728,0,0,5,1
1224,5,2025-01-17,17:30,17,4,0.682,0,0,5,0
1225,5,2025-01-18,09:00,9,5,0.468,1,0,8,0
1226,5,2025-01-18,09:30,9,5,0.457,1,0,8,0
1227,5,2025-01-18,10:00,10,5,0.751,0,0,8,1
1228,5,2025-01-18,10:30,10,5,0.742,0,0,8,1
1229,5,2025-01-18,11:00,11,5,0.804,0,0,8,1
1230,5,2025-01-18,11:30,11,5,0.759,1,0,8,0
1231,5,2025-01-18,12:00,12,5,0.722,0,0,8,1
1232,5,2025-01-18,12:30,12,5,0.721,0,0,8,1
1233,5,2025-01-18,13:00,13,5,0.533,1,0,8,0
1234,5,2025-01-18,13:30,13,5,0.536,1,0,8,0
1235,5,2025-01-18,14:00,14,5,0.622,0,0,8,1
1236,5,2025-01-18,14:30,14,5,0.653,0,0,8,1
1237,5,2025-01-18,15:00,15,5,0.832,0,0,8,1
1238,5,2025-01-18,15:30,15,5,0.848,0,0,8,1
1239,5,2025-01-18,16:00,16,5,0.851,1,0,8,0
1240,5,2025-01-18,16:30,16,5,0.917,1,0,8,0
1241,5,2025-01-18,17:00,17,5,0.695,1,0,8,0
1242,5,2025-01-18,17:30,17,5,0.74,0,0,8,1
1243,5,2025-01-19,09:00,9,6,0.511,1,0,10,0
1244,5,2025-01-19,09:30,9,6,0.512,1,0,10,0
1245,5,2025-01-19,10:00,10,6,0.796,1,0,10,0
1246,5,2025-01-19,10:30,10,6,0.768,0,0,10,1
1247,5,2025-01-19,11:00,11,6,0.782,0,0,10,1
1248,5,2025-01-19,11:30,11,6,0.842,1,0,10,0
1249,5,2025-01-19,12:00,12,6,0.794,1,0,10,0
1250,5,2025-01-19,12:30,12,6,0.739,1,0,10,0
1251,5,2025-01-19,13:00,13,6,0.554,1,0,10,0
1252,5,2025-01-19,13:30,13,6,0.528,1,0,10,0
1253,5,2025-01-19,14:00,14,6,0.691,0,0,10,1
1254,5,2025-01-19,14:30,14,6,0.637,0,0,10,1
1255,5,2025-01-19,15:00,15,6,0.795,1,0,10,0
1256,5,2025-01-19,15:30,15,6,0.754,0,0,10,1
1257,5,2025-01-19,16:00,16,6,0.94,1,0,10,0
1258,5,2025-01-19,16:30,16,6,0.869,0,0,10,1
1259,5,2025-01-19,17:00,17,6,0.701,0,0,10,1
1260,5,2025-01-19,17:30,17,6,0.745,0,0,10,1
1261,6,2025-01-06,09:00,9,0,0.667,0,0,10,1
1262,6,2025-01-06,09:30,9,0,0.704,1,0,10,0
1263,6,2025-01-06,10:00,10,0,0.901,1,0,10,0
1264,6,2025-01-06,10:30,10,0,0.907,0,0,10,1
1265,6,2025-01-06,11:00,11,0,1.0,1,0,10,0
1266,6,2025-01-06,11:30,11,0,1.0,1,0,10,0
1267,6,2025-01-06,12:00,12,0,0.586,1,0,10,0
1268,6,2025-01-06,12:30,12,0,0.542,0,0,10,0
1269,6,2025-01-06,13:00,13,0,0.354,1,0,10,0
1270,6,2025-01-06,13:30,13,0,0.37,1,0,10,0
1271,6,2025-01-06,14:00,14,0,0.498,1,0,10,0
1272,6,2025-01-06,14:30,14,0,0.478,0,0,10,1
1273,6,2025-01-06,15:00,15,0,0.644,0,0,10,1
1274,6,2025-01-06,15:30,15,0,0.565,0,0,10,0
1275,6,2025-01-06,16:00,16,0,0.683,0,0,10,0
1276,6,2025-01-06,16:30,16,0,0.655,0,0,10,1
1277,6,2025-01-06,17:00,17,0,0.506,1,0,10,0
1278,6,2025-01-06,17:30,17,0,0.507,1,0,10,0
1279,6,2025-01-07,09:00,9,1,0.673,1,0,10,0
1280,6,2025-01-07,09:30,9,1,0.676,0,0,10,0
1281,6,2025-01-07,10:00,10,1,0.963,1,0,10,0
1282,6,2025-01-07,10:30,10,1,0.943,1,0,10,0
1283,6,2025-01-07,11:00,11,1,0.952,1,0,10,0
1284,6,2025-01-07,11:30,11,1,1.0,1,0,10,0
1285,6,2025-01-07,12:00,12,1,0.553,0,0,10,1
1286,6,2025-01-07,12:30,12,1,0.562,0,0,10,1
1287,6,2025-01-07,13:00,13,1,0.359,1,0,10,0
1288,6,2025-01-07,13:30,13,1,0.37,0,0,10,0
1289,6,2025-01-07,14:00,14,1,0.493,0,0,10,0
1290,6,2025-01-07,14:30,14,1,0.479,0,0,10,0
1291,6,2025-01-07,15:00,15,1,0.559,0,0,10,1
1292,6,2025-01-07,15:30,15,1,0.594,1,0,10,0
1293,6,2025-01-07,16:00,16,1,0.69,0,0,10,1
1294,6,2025-01-07,16:30,16,1,0.697,1,0,10,0
1295,6,2025-01-07,17:00,17,1,0.503,1,0,10,0
1296,6,2025-01-07,17:30,17,1,0.464,1,0,10,0
1297,6,2025-01-08,09:00,9,2,0.689,1,0,6,0
1298,6,2025-01-08,09:30,9,2,0.73,0,0,6,1
1299,6,2025-01-08,10:00,10,2,0.955,0,0,6,1
1300,6,2025-01-08,10:30,10,2,0.996,0,0,6,1
1301,6,2025-01-08,11:00,11,2,0.964,0,0,6,1
1302,6,2025-01-08,11:30,11,2,1.0,1,0,6,0
1303,6,2025-01-08,12:00,12,2,0.591,1,0,6,0
1304,6,2025-01-08,12:30,12,2,0.58,0,0,6,1
1305,6,2025-01-08,13:00,13,2,0.337,0,0,6,1
1306,6,2025-01-08,13:30,13,2,0.355,0,0,6,1
1307,6,2025-01-08,14:00,14,2,0.412,0,0,6,0
1308,6,2025-01-08,14:30,14,2,0.46,0,0,6,1
1309,6,2025-01-08,15:00,15,2,0.645,0,0,6,0
1310,6,2025-01-08,15:30,15,2,0.625,0,0,6,1
1311,6,2025-01-08,16:00,16,2,0.684,1,0,6,0
1312,6,2025-01-08,16:30,16,2,0.691,0,0,6,1
1313,6,2025-01-08,17:00,17,2,0.501,1,0,6,0
1314,6,2025-01-08,17:30,17,2,0.466,1,0,6,0
1315,6,2025-01-09,09:00,9,3,0.672,0,0,10,1
1316,6,2025-01-09,09:30,9,3,0.669,0,0,10,0
1317,6,2025-01-09,10:00,10,3,0.98,1,0,10,0
1318,6,2025-01-09,10:30,10,3,0.985,1,0,10,0
1319,6,2025-01-09,11:00,11,3,1.0,0,0,10,1
1320,6,2025-01-09,11:30,11,3,1.0,0,0,10,1
1321,6,2025-01-09,12:00,12,3,0.599,1,0,10,0
1322,6,2025-01-09,12:30,12,3,0.546,0,0,10,1
1323,6,2025-01-09,13:00,13,3,0.329,1,0,10,0
1324,6,2025-01-09,13:30,13,3,0.307,1,0,10,0
1325,6,2025-01-09,14:00,14,3,0.41,0,0,10,1
1326,6,2025-01-09,14:30,14,3,0.449,0,0,10,0
1327,6,2025-01-09,15:00,15,3,0.563,1,0,10,0
1328,6,2025-01-09,15:30,15,3,0.616,1,0,10,0
1329,6,2025-01-09,16:00,16,3,0.66,1,0,10,0
1330,6,2025-01-09,16:30,16,3,0.712,0,0,10,1
1331,6,2025-01-09,17:00,17,3,0.54,1,0,10,0
1332,6,2025-01-09,17:30,17,3,0.482,1,0,10,0
1333,6,2025-01-10,09:00,9,4,0.695,1,0,8,0
1334,6,2025-01-10,09:30,9,4,0.712,0,0,8,1
1335,6,2025-01-10,10:00,10,4,0.931,0,0,8,1
1336,6,2025-01-10,10:30,10,4,0.958,1,0,8,0
1337,6,2025-01-10,11:00,11,4,1.0,0,0,8,1
1338,6,2025-01-10,11:30,11,4,0.986,1,0,8,0
1339,6,2025-01-10,12:00,12,4,0.532,1,0,8,0
1340,6,2025-01-10,12:30,12,4,0.543,0,0,8,0
1341,6,2025-01-10,13:00,13,4,0.325,1,0,8,0
1342,6,2025-01-10,13:30,13,4,0.322,0,0,8,1
1343,6,2025-01-10,14:00,14,4,0.444,0,0,8,1
1344,6,2025-01-10,14:30,14,4,0.413,1,0,8,0
1345,6,2025-01-10,15:00,15,4,0.623,0,0,8,1
1346,6,2025-01-10,15:30,15,4,0.596,1,0,8,0
1347,6,2025-01-10,16:00,16,4,0.686,0,0,8,0
1348,6,2025-01-10,16:30,16,4,0.705,0,0,8,1
1349,6,2025-01-10,17:00,17,4,0.468,1,0,8,0
1350,6,2025-01-10,17:30,17,4,0.511,0,0,8,1
1351,6,2025-01-11,09:00,9,5,0.736,1,0,8,0
1352,6,2025-01-11,09:30,9,5,0.664,0,0,8,1
1353,6,2025-01-11,10:00,10,5,0.926,1,0,8,0
1354,6,2025-01-11,10:30,10,5,0.989,1,0,8,0
1355,6,2025-01-11,11:00,11,5,0.958,1,0,8,0
1356,6,2025-01-11,11:30,11,5,0.958,0,0,8,1
1357,6,2025-01-11,12:00,12,5,0.502,0,0,8,1
1358,6,2025-01-11,12:30,12,5,0.503,0,0,8,1
1359,6,2025-01-11,13:00,13,5,0.341,1,0,8,0
1360,6,2025-01-11,13:30,13,5,0.359,0,0,8,1
1361,6,2025-01-11,14:00,14,5,0.455,0,0,8,1
1362,6,2025-01-11,14:30,14,5,0.5,0,0,8,0
1363,6,2025-01-11,15:00,15,5,0.628,0,0,8,0
1364,6,2025-01-11,15:30,15,5,0.572,0,0,8,1
1365,6,2025-01-11,16:00,16,5,0.723,1,0,8,0
1366,6,2025-01-11,16:30,16,5,0.679,1,0,8,0
1367,6,2025-01-11,17:00,17,5,0.496,1,0,8,0
1368,6,2025-01-11,17:30,17,5,0.501,0,0,8,0
1369,6,2025-01-12,09:00,9,6,0.7,1,0,8,0
1370,6,2025-01-12,09:30,9,6,0.716,0,0,8,1
1371,6,2025-01-12,10:00,10,6,0.985,1,0,8,0
1372,6,2025-01-12,10:30,10,6,0.981,0,0,8,1
1373,6,2025-01-12,11:00,11,6,1.0,1,0,8,0
1374,6,2025-01-12,11:30,11,6,0.967,0,0,8,1
1375,6,2025-01-12,12:00,12,6,0.551,1,0,8,0
1376,6,2025-01-12,12:30,12,6,0.545,1,0,8,0
1377,6,2025-01-12,13:00,13,6,0.318,0,0,8,1
1378,6,2025-01-12,13:30,13,6,0.366,0,0,8,1
1379,6,2025-01-12,14:00,14,6,0.474,0,0,8,0
1380,6,2025-01-12,14:30,14,6,0.436,1,0,8,0
1381,6,2025-01-12,15:00,15,6,0.572,0,0,8,0
1382,6,2025-01-12,15:30,15,6,0.556,0,0,8,0
1383,6,2025-01-12,16:00,16,6,0.654,0,0,8,0
1384,6,2025-01-12,16:30,16,6,0.741,0,0,8,1
1385,6,2025-01-12,17:00,17,6,0.486,1,0,8,0
1386,6,2025-01-12,17:30,17,6,0.497,1,0,8,0
1387,6,2025-01-13,09:00,9,0,0.695,1,0,8,0
1388,6,2025-01-13,09:30,9,0,0.655,1,0,8,0
1389,6,2025-01-13,10:00,10,0,0.998,0,0,8,1
1390,6,2025-01-13,10:30,10,0,0.932,0,0,8,1
1391,6,2025-01-13,11:00,11,0,1.0,1,0,8,0
1392,6,2025-01-13,11:30,11,0,1.0,1,0,8,0
1393,6,2025-01-13,12:00,12,0,0.583,0,0,8,1
1394,6,2025-01-13,12:30,12,0,0.526,0,0,8,1
1395,6,2025-01-13,13:00,13,0,0.317,0,0,8,1
1396,6,2025-01-13,13:30,13,0,0.337,0,0,8,1
1397,6,2025-01-13,14:00,14,0,0.484,0,0,8,1
1398,6,2025-01-13,14:30,14,0,0.438,1,0,8,0
1399,6,2025-01-13,15:00,15,0,0.641,1,0,8,0
1400,6,2025-01-13,15:30,15,0,0.602,0,0,8,0
1401,6,2025-01-13,16:00,16,0,0.737,1,0,8,0
1402,6,2025-01-13,16:30,16,0,0.699,1,0,8,0
1403,6,2025-01-13,17:00,17,0,0.498,0,0,8,1
1404,6,2025-01-13,17:30,17,0,0.5,0,0,8,0
1405,6,2025-01-14,09:00,9,1,0.667,1,0,8,0
1406,6,2025-01-14,09:30,9,1,0.658,0,0,8,1
1407,6,2025-01-14,10:00,10,1,0.921,1,0,8,0
1408,6,2025-01-14,10:30,10,1,0.919,0,0,8,1
1409,6,2025-01-14,11:00,11,1,0.986,1,0,8,0
1410,6,2025-01-14,11:30,11,1,1.0,1,0,8,0
1411,6,2025-01-14,12:00,12,1,0.512,0,0,8,0
1412,6,2025-01-14,12:30,12,1,0.581,1,0,8,0
1413,6,2025-01-14,13:00,13,1,0.372,0,0,8,0
1414,6,2025-01-14,13:30,13,1,0.348,0,0,8,0
1415,6,2025-01-14,14:00,14,1,0.416,0,0,8,1
1416,6,2025-01-14,14:30,14,1,0.402,1,0,8,0
1417,6,2025-01-14,15:00,15,1,0.554,1,0,8,0
1418,6,2025-01-14,15:30,15,1,0.607,0,0,8,0
1419,6,2025-01-14,16:00,16,1,0.713,0,0,8,1
1420,6,2025-01-14,16:30,16,1,0.654,0,0,8,1
1421,6,2025-01-14,17:00,17,1,0.456,1,0,8,0
1422,6,2025-01-14,17:30,17,1,0.476,0,0,8,0
1423,6,2025-01-15,09:00,9,2,0.746,0,0,10,1
1424,6,2025-01-15,09:30,9,2,0.71,0,0,10,1
1425,6,2025-01-15,10:00,10,2,0.956,0,0,10,1
1426,6,2025-01-15,10:30,10,2,0.902,1,0,10,0
1427,6,2025-01-15,11:00,11,2,1.0,0,0,10,1
1428,6,2025-01-15,11:30,11,2,1.0,1,0,10,0
1429,6,2025-01-15,12:00,12,2,0.528,1,0,10,0
1430,6,2025-01-15,12:30,12,2,0.509,1,0,10,0
1431,6,2025-01-15,13:00,13,2,0.345,1,0,10,0
1432,6,2025-01-15,13:30,13,2,0.399,0,0,10,1
1433,6,2025-01-15,14:00,14,2,0.417,1,0,10,0
1434,6,2025-01-15,14:30,14,2,0.483,1,0,10,0
1435,6,2025-01-15,15:00,15,2,0.61,1,0,10,0
1436,6,2025-01-15,15:30,15,2,0.629,1,0,10,0
1437,6,2025-01-15,16:00,16,2,0.732,1,0,10,0
1438,6,2025-01-15,16:30,16,2,0.668,0,0,10,1
1439,6,2025-01-15,17:00,17,2,0.476,0,0,10,1
1440,6,2025-01-15,17:30,17,2,0.484,0,0,10,0
1441,6,2025-01-16,09:00,9,3,0.709,0,0,7,1
1442,6,2025-01-16,09:30,9,3,0.673,0,0,7,0
1443,6,2025-01-16,10:00,10,3,0.911,1,0,7,0
1444,6,2025-01-16,10:30,10,3,0.92,0,0,7,1
1445,6,2025-01-16,11:00,11,3,1.0,0,0,7,1
1446,6,2025-01-16,11:30,11,3,1.0,1,0,7,0
1447,6,2025-01-16,12:00,12,3,0.542,0,0,7,0
1448,6,2025-01-16,12:30,12,3,0.51,1,0,7,0
1449,6,2025-01-16,13:00,13,3,0.348,0,0,7,1
1450,6,2025-01-16,13:30,13,3,0.304,1,0,7,0
1451,6,2025-01-16,14:00,14,3,0.478,0,0,7,1
1452,6,2025-01-16,14:30,14,3,0.412,1,0,7,0
1453,6,2025-01-16,15:00,15,3,0.598,0,0,7,0
1454,6,2025-01-16,15:30,15,3,0.61,1,0,7,0
1455,6,2025-01-16,16:00,16,3,0.733,1,0,7,0
1456,6,2025-01-16,16:30,16,3,0.74,0,0,7,1
1457,6,2025-01-16,17:00,17,3,0.527,0,0,7,1
1458,6,2025-01-16,17:30,17,3,0.502,0,0,7,0
1459,6,2025-01-17,09:00,9,4,0.654,0,0,6,1
1460,6,2025-01-17,09:30,9,4,0.673,1,0,6,0
1461,6,2025-01-17,10:00,10,4,0.98,0,0,6,1
1462,6,2025-01-17,10:30,10,4,0.979,1,0,6,0
1463,6,2025-01-17,11:00,11,4,0.988,1,0,6,0
1464,6,2025-01-17,11:30,11,4,1.0,0,0,6,1
1465,6,2025-01-17,12:00,12,4,0.574,0,0,6,1
1466,6,2025-01-17,12:30,12,4,0.57,0,0,6,0
1467,6,2025-01-17,13:00,13,4,0.313,0,0,6,0
1468,6,2025-01-17,13:30,13,4,0.323,0,0,6,1
1469,6,2025-01-17,14:00,14,4,0.428,0,0,6,1
1470,6,2025-01-17,14:30,14,4,0.441,0,0,6,0
1471,6,2025-01-17,15:00,15,4,0.621,1,0,6,0
1472,6,2025-01-17,15:30,15,4,0.629,0,0,6,1
1473,6,2025-01-17,16:00,16,4,0.662,1,0,6,0
1474,6,2025-01-17,16:30,16,4,0.651,0,0,6,1
1475,6,2025-01-17,17:00,17,4,0.519,1,0,6,0
1476,6,2025-01-17,17:30,17,4,0.482,0,0,6,0
1477,6,2025-01-18,09:00,9,5,0.665,0,0,5,1
1478,6,2025-01-18,09:30,9,5,0.675,0,0,5,1
1479,6,2025-01-18,10:00,10,5,0.942,0,0,5,1
1480,6,2025-01-18,10:30,10,5,0.937,0,0,5,1
1481,6,2025-01-18,11:00,11,5,0.978,1,0,5,0
1482,6,2025-01-18,11:30,11,5,1.0,1,0,5,0
1483,6,2025-01-18,12:00,12,5,0.575,1,0,5,0
1484,6,2025-01-18,12:30,12,5,0.541,0,0,5,1
1485,6,2025-01-18,13:00,13,5,0.348,0,0,5,0
1486,6,2025-01-18,13:30,13,5,0.355,0,0,5,0
1487,6,2025-01-18,14:00,14,5,0.431,0,0,5,0
1488,6,2025-01-18,14:30,14,5,0.471,1,0,5,0
1489,6,2025-01-18,15:00,15,5,0.624,0,0,5,1
1490,6,2025-01-18,15:30,15,5,0.616,0,0,5,1
1491,6,2025-01-18,16:00,16,5,0.695,0,0,5,1
1492,6,2025-01-18,16:30,16,5,0.666,0,0,5,0
1493,6,2025-01-18,17:00,17,5,0.49,1,0,5,0
1494,6,2025-01-18,17:30,17,5,0.484,0,0,5,1
1495,6,2025-01-19,09:00,9,6,0.72,0,0,7,1
1496,6,2025-01-19,09:30,9,6,0.721,0,0,7,1
1497,6,2025-01-19,10:00,10,6,0.916,0,0,7,1
1498,6,2025-01-19,10:30,10,6,0.996,0,0,7,1
1499,6,2025-01-19,11:00,11,6,0.951,1,0,7,0
1500,6,2025-01-19,11:30,11,6,0.959,0,0,7,1
1501,6,2025-01-19,12:00,12,6,0.515,1,0,7,0
1502,6,2025-01-19,12:30,12,6,0.593,1,0,7,0
1503,6,2025-01-19,13:00,13,6,0.344,1,0,7,0
1504,6,2025-01-19,13:30,13,6,0.306,1,0,7,0
1505,6,2025-01-19,14:00,14,6,0.422,0,0,7,0
1506,6,2025-01-19,14:30,14,6,0.404,1,0,7,0
1507,6,2025-01-19,15:00,15,6,0.588,0,0,7,1
1508,6,2025-01-19,15:30,15,6,0.611,0,0,7,1
1509,6,2025-01-19,16:00,16,6,0.721,1,0,7,0
1510,6,2025-01-19,16:30,16,6,0.71,0,0,7,1
1511,6,2025-01-19,17:00,17,6,0.545,0,0,7,1
1512,6,2025-01-19,17:30,17,6,0.514,0,0,7,0
1513,7,2025-01-06,09:00,9,0,0.67,0,0,9,1
1514,7,2025-01-06,09:30,9,0,0.73,0,0,9,1
1515,7,2025-01-06,10:00,10,0,0.929,1,0,9,0
1516,7,2025-01-06,10:30,10,0,0.903,0,0,9,1
1517,7,2025-01-06,11:00,11,0,1.0,0,0,9,1
1518,7,2025-01-06,11:30,11,0,1.0,1,0,9,0
1519,7,2025-01-06,12:00,12,0,0.523,0,0,9,0
1520,7,2025-01-06,12:30,12,0,0.504,0,0,9,0
1521,7,2025-01-06,13:00,13,0,0.3,0,0,9,0
1522,7,2025-01-06,13:30,13,0,0.4,1,0,9,0
1523,7,2025-01-06,14:00,14,0,0.478,1,0,9,0
1524,7,2025-01-06,14:30,14,0,0.435,1,0,9,0
1525,7,2025-01-06,15:00,15,0,0.59,0,0,9,1
1526,7,2025-01-06,15:30,15,0,0.602,1,0,9,0
1527,7,2025-01-06,16:00,16,0,0.724,1,0,9,0
1528,7,2025-01-06,16:30,16,0,0.657,1,0,9,0
1529,7,2025-01-06,17:00,17,0,0.459,0,0,9,0
1530,7,2025-01-06,17:30,17,0,0.533,1,0,9,0
1531,7,2025-01-07,09:00,9,1,0.742,0,0,7,1
1532,7,2025-01-07,09:30,9,1,0.685,1,0,7,0
1533,7,2025-01-07,10:00,10,1,0.996,0,0,7,1
1534,7,2025-01-07,10:30,10,1,0.928,0,0,7,1
1535,7,2025-01-07,11:00,11,1,1.0,0,0,7,1
1536,7,2025-01-07,11:30,11,1,0.969,0,0,7,1
1537,7,2025-01-07,12:00,12,1,0.593,1,0,7,0
1538,7,2025-01-07,12:30,12,1,0.557,0,0,7,0
1539,7,2025-01-07,13:00,13,1,0.341,0,0,7,0
1540,7,2025-01-07,13:30,13,1,0.307,1,0,7,0
1541,7,2025-01-07,14:00,14,1,0.429,0,0,7,1
1542,7,2025-01-07,14:30,14,1,0.48,0,0,7,1
1543,7,2025-01-07,15:00,15,1,0.638,1,0,7,0
1544,7,2025-01-07,15:30,15,1,0.631,1,0,7,0
1545,7,2025-01-07,16:00,16,1,0.707,0,0,7,1
1546,7,2025-01-07,16:30,16,1,0.719,1,0,7,0
1547,7,2025-01-07,17:00,17,1,0.547,0,0,7,1
1548,7,2025-01-07,17:30,17,1,0.527,1,0,7,0
1549,7,2025-01-08,09:00,9,2,0.726,0,0,9,1
1550,7,2025-01-08,09:30,9,2,0.746,1,0,9,0
1551,7,2025-01-08,10:00,10,2,0.946,1,0,9,0
1552,7,2025-01-08,10:30,10,2,0.946,1,0,9,0
1553,7,2025-01-08,11:00,11,2,1.0,1,0,9,0
1554,7,2025-01-08,11:30,11,2,0.953,1,0,9,0
1555,7,2025-01-08,12:00,12,2,0.512,0,0,9,0
1556,7,2025-01-08,12:30,12,2,0.563,0,0,9,1
1557,7,2025-01-08,13:00,13,2,0.368,0,0,9,0
1558,7,2025-01-08,13:30,13,2,0.332,0,0,9,1
1559,7,2025-01-08,14:00,14,2,0.452,0,0,9,0
1560,7,2025-01-08,14:30,14,2,0.483,1,0,9,0
1561,7,2025-01-08,15:00,15,2,0.575,0,0,9,0
1562,7,2025-01-08,15:30,15,2,0.617,1,0,9,0
1563,7,2025-01-08,16:00,16,2,0.732,0,0,9,1
1564,7,2025-01-08,16:30,16,2,0.658,1,0,9,0
1565,7,2025-01-08,17:00,17,2,0.543,1,0,9,0
1566,7,2025-01-08,17:30,17,2,0.498,0,0,9,0
1567,7,2025-01-09,09:00,9,3,0.739,1,0,9,0
1568,7,2025-01-09,09:30,9,3,0.677,1,0,9,0
1569,7,2025-01-09,10:00,10,3,0.995,0,0,9,1
1570,7,2025-01-09,10:30,10,3,0.968,0,0,9,1
1571,7,2025-01-09,11:00,11,3,1.0,1,0,9,0
1572,7,2025-01-09,11:30,11,3,1.0,1,0,9,0
1573,7,2025-01-09,12:00,12,3,0.52,0,0,9,1
1574,7,2025-01-09,12:30,12,3,0.587,0,0,9,0
1575,7,2025-01-09,13:00,13,3,0.32,0,0,9,0
1576,7,2025-01-09,13:30,13,3,0.362,1,0,9,0
1577,7,2025-01-09,14:00,14,3,0.416,1,0,9,0
1578,7,2025-01-09,14:30,14,3,0.411,1,0,9,0
1579,7,2025-01-09,15:00,15,3,0.642,1,0,9,0
1580,7,2025-01-09,15:30,15,3,0.618,1,0,9,0
1581,7,2025-01-09,16:00,16,3,0.716,0,0,9,1
1582,7,2025-01-09,16:30,16,3,0.711,0,0,9,1
1583,7,2025-01-09,17:00,17,3,0.526,0,0,9,1
1584,7,2025-01-09,17:30,17,3,0.454,0,0,9,0
1585,7,2025-01-10,09:00,9,4,0.712,0,0,10,1
1586,7,2025-01-10,09:30,9,4,0.699,1,0,10,0
1587,7,2025-01-10,10:00,10,4,0.999,1,0,10,0
1588,7,2025-01-10,10:30,10,4,0.99,1,0,10,0
1589,7,2025-01-10,11:00,11,4,1.0,0,0,10,1
1590,7,2025-01-10,11:30,11,4,0.999,1,0,10,0
1591,7,2025-01-10,12:00,12,4,0.598,1,0,10,0
1592,7,2025-01-10,12:30,12,4,0.592,1,0,10,0
1593,7,2025-01-10,13:00,13,4,0.328,0,0,10,0
1594,7,2025-01-10,13:30,13,4,0.358,1,0,10,0
1595,7,2025-01-10,14:00,14,4,0.405,0,0,10,1
1596,7,2025-01-10,14:30,14,4,0.448,0,0,10,1
1597,7,2025-01-10,15:00,15,4,0.6,0,0,10,0
1598,7,2025-01-10,15:30,15,4,0.619,1,0,10,0
1599,7,2025-01-10,16:00,16,4,0.667,1,0,10,0
1600,7,2025-01-10,16:30,16,4,0.748,0,0,10,1
1601,7,2025-01-10,17:00,17,4,0.52,1,0,10,0
1602,7,2025-01-10,17:30,17,4,0.496,0,0,10,1
1603,7,2025-01-11,09:00,9,5,0.651,0,0,5,0
1604,7,2025-01-11,09:30,9,5,0.708,0,0,5,1
1605,7,2025-01-11,10:00,10,5,0.933,0,0,5,1
1606,7,2025-01-11,10:30,10,5,0.961,1,0,5,0
1607,7,2025-01-11,11:00,11,5,0.976,0,0,5,1
1608,7,2025-01-11,11:30,11,5,1.0,0,0,5,1
1609,7,2025-01-11,12:00,12,5,0.524,0,0,5,0
1610,7,2025-01-11,12:30,12,5,0.561,0,0,5,0
1611,7,2025-01-11,13:00,13,5,0.35,0,0,5,0
1612,7,2025-01-11,13:30,13,5,0.37,1,0,5,0
1613,7,2025-01-11,14:00,14,5,0.437,0,0,5,1
1614,7,2025-01-11,14:30,14,5,0.428,0,0,5,0
1615,7,2025-01-11,15:00,15,5,0.563,1,0,5,0
1616,7,2025-01-11,15:30,15,5,0.608,1,0,5,0
1617,7,2025-01-11,16:00,16,5,0.673,0,0,5,0
1618,7,2025-01-11,16:30,16,5,0.677,1,0,5,0
1619,7,2025-01-11,17:00,17,5,0.474,0,0,5,0
1620,7,2025-01-11,17:30,17,5,0.488,0,0,5,0
1621,7,2025-01-12,09:00,9,6,0.746,1,0,8,0
1622,7,2025-01-12,09:30,9,6,0.665,1,0,8,0
1623,7,2025-01-12,10:00,10,6,0.981,0,0,8,1
1624,7,2025-01-12,10:30,10,6,0.918,1,0,8,0
1625,7,2025-01-12,11:00,11,6,1.0,0,0,8,1
1626,7,2025-01-12,11:30,11,6,1.0,0,0,8,1
1627,7,2025-01-12,12:00,12,6,0.585,1,0,8,0
1628,7,2025-01-12,12:30,12,6,0.552,1,0,8,0
1629,7,2025-01-12,13:00,13,6,0.372,1,0,8,0
1630,7,2025-01-12,13:30,13,6,0.379,1,0,8,0
1631,7,2025-01-12,14:00,14,6,0.43,0,0,8,1
1632,7,2025-01-12,14:30,14,6,0.457,0,0,8,0
1633,7,2025-01-12,15:00,15,6,0.619,0,0,8,0
1634,7,2025-01-12,15:30,15,6,0.631,0,0,8,0
1635,7,2025-01-12,16:00,16,6,0.713,0,0,8,1
1636,7,2025-01-12,16:30,16,6,0.695,1,0,8,0
1637,7,2025-01-12,17:00,17,6,0.483,0,0,8,0
1638,7,2025-01-12,17:30,17,6,0.506,0,0,8,1
1639,7,2025-01-13,09:00,9,0,0.676,1,0,10,0
1640,7,2025-01-13,09:30,9,0,0.652,0,0,10,0
1641,7,2025-01-13,10:00,10,0,0.987,0,0,10,1
1642,7,2025-01-13,10:30,10,0,0.996,1,0,10,0
1643,7,2025-01-13,11:00,11,0,0.97,0,0,10,1
1644,7,2025-01-13,11:30,11,0,1.0,1,0,10,0
1645,7,2025-01-13,12:00,12,0,0.565,1,0,10,0
1646,7,2025-01-13,12:30,12,0,0.517,0,0,10,1
1647,7,2025-01-13,13:00,13,0,0.336,1,0,10,0
1648,7,2025-01-13,13:30,13,0,0.367,1,0,10,0
1649,7,2025-01-13,14:00,14,0,0.449,0,0,10,1
1650,7,2025-01-13,14:30,14,0,0.489,1,0,10,0
1651,7,2025-01-13,15:00,15,0,0.588,1,0,10,0
1652,7,2025-01-13,15:30,15,0,0.579,0,0,10,1
1653,7,2025-01-13,16:00,16,0,0.664,1,0,10,0
1654,7,2025-01-13,16:30,16,0,0.667,0,0,10,1
1655,7,2025-01-13,17:00,17,0,0.484,0,0,10,1
1656,7,2025-01-13,17:30,17,0,0.507,1,0,10,0
1657,7,2025-01-14,09:00,9,1,0.735,1,0,6,0
1658,7,2025-01-14,09:30,9,1,0.657,1,0,6,0
1659,7,2025-01-14,10:00,10,1,0.916,1,0,6,0
1660,7,2025-01-14,10:30,10,1,0.923,0,0,6,1
1661,7,2025-01-14,11:00,11,1,0.982,0,0,6,1
1662,7,2025-01-14,11:30,11,1,0.979,0,0,6,1
1663,7,2025-01-14,12:00,12,1,0.527,0,0,6,1
1664,7,2025-01-14,12:30,12,1,0.527,0,0,6,0
1665,7,2025-01-14,13:00,13,1,0.386,0,0,6,0
1666,7,2025-01-14,13:30,13,1,0.359,0,0,6,1
1667,7,2025-01-14,14:00,14,1,0.441,0,0,6,0
1668,7,2025-01-14,14:30,14,1,0.402,0,0,6,1
1669,7,2025-01-14,15:00,15,1,0.616,1,0,6,0
1670,7,2025-01-14,15:30,15,1,0.644,0,0,6,1
1671,7,2025-01-14,16:00,16,1,0.658,1,0,6,0
1672,7,2025-01-14,16:30,16,1,0.667,0,0,6,0
1673,7,2025-01-14,17:00,17,1,0.456,1,0,6,0
1674,7,2025-01-14,17:30,17,1,0.538,0,0,6,1
1675,7,2025-01-15,09:00,9,2,0.653,1,0,8,0
1676,7,2025-01-15,09:30,9,2,0.69,0,0,8,1
1677,7,2025-01-15,10:00,10,2,0.908,0,0,8,1
1678,7,2025-01-15,10:30,10,2,0.926,0,0,8,1
1679,7,2025-01-15,11:00,11,2,0.966,1,0,8,0
1680,7,2025-01-15,11:30,11,2,1.0,0,0,8,1
1681,7,2025-01-15,12:00,12,2,0.589,0,0,8,0
1682,7,2025-01-15,12:30,12,2,0.525,1,0,8,0
1683,7,2025-01-15,13:00,13,2,0.328,0,0,8,1
1684,7,2025-01-15,13:30,13,2,0.313,1,0,8,0
1685,7,2025-01-15,14:00,14,2,0.484,1,0,8,0
1686,7,2025-01-15,14:30,14,2,0.403,1,0,8,0
1687,7,2025-01-15,15:00,15,2,0.616,0,0,8,1
1688,7,2025-01-15,15:30,15,2,0.583,0,0,8,0
1689,7,2025-01-15,16:00,16,2,0.747,0,0,8,1
1690,7,2025-01-15,16:30,16,2,0.704,1,0,8,0
1691,7,2025-01-15,17:00,17,2,0.477,0,0,8,0
1692,7,2025-01-15,17:30,17,2,0.547,1,0,8,0
1693,7,2025-01-16,09:00,9,3,0.72,1,0,8,0
1694,7,2025-01-16,09:30,9,3,0.668,0,0,8,1
1695,7,2025-01-16,10:00,10,3,0.963,1,0,8,0
1696,7,2025-01-16,10:30,10,3,0.964,1,0,8,0
1697,7,2025-01-16,11:00,11,3,1.0,0,0,8,1
1698,7,2025-01-16,11:30,11,3,1.0,1,0,8,0
1699,7,2025-01-16,12:00,12,3,0.564,0,0,8,0
1700,7,2025-01-16,12:30,12,3,0.535,0,0,8,1
1701,7,2025-01-16,13:00,13,3,0.38,0,0,8,0
1702,7,2025-01-16,13:30,13,3,0.337,0,0,8,0
1703,7,2025-01-16,14:00,14,3,0.43,1,0,8,0
1704,7,2025-01-16,14:30,14,3,0.4,0,0,8,1
1705,7,2025-01-16,15:00,15,3,0.635,1,0,8,0
1706,7,2025-01-16,15:30,15,3,0.584,1,0,8,0
1707,7,2025-01-16,16:00,16,3,0.697,0,0,8,0
1708,7,2025-01-16,16:30,16,3,0.742,0,0,8,1
1709,7,2025-01-16,17:00,17,3,0.545,1,0,8,0
1710,7,2025-01-16,17:30,17,3,0.498,0,0,8,0
1711,7,2025-01-17,09:00,9,4,0.693,0,0,10,0
1712,7,2025-01-17,09:30,9,4,0.673,1,0,10,0
1713,7,2025-01-17,10:00,10,4,0.901,0,0,10,1
1714,7,2025-01-17,10:30,10,4,0.937,0,0,10,1
1715,7,2025-01-17,11:00,11,4,0.991,1,0,10,0
1716,7,2025-01-17,11:30,11,4,1.0,1,0,10,0
1717,7,2025-01-17,12:00,12,4,0.539,1,0,10,0
1718,7,2025-01-17,12:30,12,4,0.516,1,0,10,0
1719,7,2025-01-17,13:00,13,4,0.374,1,0,10,0
1720,7,2025-01-17,13:30,13,4,0.339,0,0,10,0
1721,7,2025-01-17,14:00,14,4,0.426,1,0,10,0
1722,7,2025-01-17,14:30,14,4,0.442,0,0,10,0
1723,7,2025-01-17,15:00,15,4,0.626,0,0,10,1
1724,7,2025-01-17,15:30,15,4,0.631,1,0,10,0
1725,7,2025-01-17,16:00,16,4,0.718,1,0,10,0
1726,7,2025-01-17,16:30,16,4,0.678,1,0,10,0
1727,7,2025-01-17,17:00,17,4,0.524,0,0,10,1
1728,7,2025-01-17,17:30,17,4,0.491,0,0,10,1
1729,7,2025-01-18,09:00,9,5,0.668,0,0,10,0
1730,7,2025-01-18,09:30,9,5,0.714,1,0,10,0
1731,7,2025-01-18,10:00,10,5,0.962,0,0,10,1
1732,7,2025-01-18,10:30,10,5,0.927,0,0,10,1
1733,7,2025-01-18,11:00,11,5,1.0,1,0,10,0
1734,7,2025-01-18,11:30,11,5,0.969,1,0,10,0
1735,7,2025-01-18,12:00,12,5,0.502,0,0,10,0
1736,7,2025-01-18,12:30,12,5,0.553,0,0,10,0
1737,7,2025-01-18,13:00,13,5,0.31,1,0,10,0
1738,7,2025-01-18,13:30,13,5,0.327,0,0,10,1
1739,7,2025-01-18,14:00,14,5,0.473,1,0,10,0
1740,7,2025-01-18,14:30,14,5,0.423,1,0,10,0
1741,7,2025-01-18,15:00,15,5,0.565,1,0,10,0
1742,7,2025-01-18,15:30,15,5,0.599,0,0,10,0
1743,7,2025-01-18,16:00,16,5,0.681,0,0,10,1
1744,7,2025-01-18,16:30,16,5,0.75,1,0,10,0
1745,7,2025-01-18,17:00,17,5,0.496,1,0,10,0
1746,7,2025-01-18,17:30,17,5,0.529,1,0,10,0
1747,7,2025-01-19,09:00,9,6,0.683,0,0,7,1
1748,7,2025-01-19,09:30,9,6,0.745,1,0,7,0
1749,7,2025-01-19,10:00,10,6,0.906,0,0,7,1
1750,7,2025-01-19,10:30,10,6,0.978,0,0,7,1
1751,7,2025-01-19,11:00,11,6,0.957,1,0,7,0
1752,7,2025-01-19,11:30,11,6,0.997,0,0,7,1
1753,7,2025-01-19,12:00,12,6,0.519,0,0,7,1
1754,7,2025-01-19,12:30,12,6,0.582,0,0,7,1
1755,7,2025-01-19,13:00,13,6,0.312,1,0,7,0
1756,7,2025-01-19,13:30,13,6,0.377,1,0,7,0
1757,7,2025-01-19,14:00,14,6,0.425,0,0,7,1
1758,7,2025-01-19,14:30,14,6,0.444,1,0,7,0
1759,7,2025-01-19,15:00,15,6,0.624,0,0,7,0
1760,7,2025-01-19,15:30,15,6,0.596,1,0,7,0
1761,7,2025-01-19,16:00,16,6,0.727,0,0,7,1
1762,7,2025-01-19,16:30,16,6,0.702,0,0,7,1
1763,7,2025-01-19,17:00,17,6,0.548,0,0,7,0
1764,7,2025-01-19,17:30,17,6,0.518,1,0,7,0
1765,8,2025-01-06,09:00,9,0,0.681,1,0,10,0
1766,8,2025-01-06,09:30,9,0,0.682,0,0,10,1
1767,8,2025-01-06,10:00,10,0,0.904,0,0,10,1
1768,8,2025-01-06,10:30,10,0,0.994,1,0,10,0
1769,8,2025-01-06,11:00,11,0,1.0,1,0,10,0
1770,8,2025-01-06,11:30,11,0,0.975,1,0,10,0
1771,8,2025-01-06,12:00,12,0,0.564,1,0,10,0
1772,8,2025-01-06,12:30,12,0,0.52,1,0,10,0
1773,8,2025-01-06,13:00,13,0,0.389,0,0,10,1
1774,8,2025-01-06,13:30,13,0,0.322,0,0,10,0
1775,8,2025-01-06,14:00,14,0,0.463,1,0,10,0
1776,8,2025-01-06,14:30,14,0,0.432,0,0,10,0
1777,8,2025-01-06,15:00,15,0,0.578,1,0,10,0
1778,8,2025-01-06,15:30,15,0,0.562,1,0,10,0
1779,8,2025-01-06,16:00,16,0,0.729,0,0,10,1
1780,8,2025-01-06,16:30,16,0,0.651,0,0,10,0
1781,8,2025-01-06,17:00,17,0,0.528,0,0,10,0
1782,8,2025-01-06,17:30,17,0,0.51,1,0,10,0
1783,8,2025-01-07,09:00,9,1,0.687,0,0,9,0
1784,8,2025-01-07,09:30,9,1,0.666,0,0,9,0
1785,8,2025-01-07,10:00,10,1,0.962,1,0,9,0
1786,8,2025-01-07,10:30,10,1,0.993,1,0,9,0
1787,8,2025-01-07,11:00,11,1,1.0,0,0,9,1
1788,8,2025-01-07,11:30,11,1,1.0,0,0,9,1
1789,8,2025-01-07,12:00,12,1,0.506,0,0,9,1
1790,8,2025-01-07,12:30,12,1,0.57,1,0,9,0
1791,8,2025-01-07,13:00,13,1,0.379,1,0,9,0
1792,8,2025-01-07,13:30,13,1,0.313,1,0,9,0
1793,8,2025-01-07,14:00,14,1,0.423,1,0,9,0
1794,8,2025-01-07,14:30,14,1,0.498,0,0,9,1
1795,8,2025-01-07,15:00,15,1,0.626,1,0,9,0
1796,8,2025-01-07,15:30,15,1,0.631,0,0,9,0
1797,8,2025-01-07,16:00,16,1,0.669,1,0,9,0
1798,8,2025-01-07,16:30,16,1,0.719,0,0,9,1
1799,8,2025-01-07,17:00,17,1,0.486,1,0,9,0
1800,8,2025-01-07,17:30,17,1,0.463,0,0,9,1
1801,8,2025-01-08,09:00,9,2,0.699,0,0,6,0
1802,8,2025-01-08,09:30,9,2,0.679,1,0,6,0
1803,8,2025-01-08,10:00,10,2,0.97,0,0,6,1
1804,8,2025-01-08,10:30,10,2,0.919,0,0,6,1
1805,8,2025-01-08,11:00,11,2,0.969,0,0,6,1
1806,8,2025-01-08,11:30,11,2,0.985,1,0,6,0
1807,8,2025-01-08,12:00,12,2,0.573,0,0,6,0
1808,8,2025-01-08,12:30,12,2,0.583,0,0,6,1
1809,8,2025-01-08,13:00,13,2,0.355,1,0,6,0
1810,8,2025-01-08,13:30,13,2,0.307,0,0,6,0
1811,8,2025-01-08,14:00,14,2,0.43,0,0,6,0
1812,8,2025-01-08,14:30,14,2,0.437,0,0,6,0
1813,8,2025-01-08,15:00,15,2,0.614,1,0,6,0
1814,8,2025-01-08,15:30,15,2,0.588,1,0,6,0
1815,8,2025-01-08,16:00,16,2,0.669,0,0,6,0
1816,8,2025-01-08,16:30,16,2,0.736,0,0,6,1
1817,8,2025-01-08,17:00,17,2,0.528,0,0,6,0
1818,8,2025-01-08,17:30,17,2,0.522,1,0,6,0
1819,8,2025-01-09,09:00,9,3,0.716,1,0,8,0
1820,8,2025-01-09,09:30,9,3,0.704,0,0,8,1
1821,8,2025-01-09,10:00,10,3,0.939,0,0,8,1
1822,8,2025-01-09,10:30,10,3,0.952,0,0,8,1
1823,8,2025-01-09,11:00,11,3,1.0,1,0,8,0
1824,8,2025-01-09,11:30,11,3,1.0,0,0,8,1
1825,8,2025-01-09,12:00,12,3,0.561,0,0,8,0
1826,8,2025-01-09,12:30,12,3,0.564,0,0,8,0
1827,8,2025-01-09,13:00,13,3,0.352,1,0,8,0
1828,8,2025-01-09,13:30,13,3,0.307,1,0,8,0
1829,8,2025-01-09,14:00,14,3,0.484,1,0,8,0
1830,8,2025-01-09,14:30,14,3,0.413,1,0,8,0
1831,8,2025-01-09,15:00,15,3,0.637,0,0,8,0
1832,8,2025-01-09,15:30,15,3,0.599,0,0,8,0
1833,8,2025-01-09,16:00,16,3,0.707,1,0,8,0
1834,8,2025-01-09,16:30,16,3,0.734,1,0,8,0
1835,8,2025-01-09,17:00,17,3,0.516,0,0,8,1
1836,8,2025-01-09,17:30,17,3,0.52,0,0,8,0
1837,8,2025-01-10,09:00,9,4,0.687,0,0,7,1
1838,8,2025-01-10,09:30,9,4,0.657,0,0,7,1
1839,8,2025-01-10,10:00,10,4,0.921,1,0,7,0
1840,8,2025-01-10,10:30,10,4,0.949,0,0,7,1
1841,8,2025-01-10,11:00,11,4,1.0,0,0,7,1
1842,8,2025-01-10,11:30,11,4,0.958,0,0,7,1
1843,8,2025-01-10,12:00,12,4,0.58,0,0,7,0
1844,8,2025-01-10,12:30,12,4,0.556,1,0,7,0
1845,8,2025-01-10,13:00,13,4,0.394,0,0,7,0
1846,8,2025-01-10,13:30,13,4,0.337,0,0,7,1
1847,8,2025-01-10,14:00,14,4,0.482,0,0,7,0
1848,8,2025-01-10,14:30,14,4,0.404,1,0,7,0
1849,8,2025-01-10,15:00,15,4,0.557,0,0,7,0
1850,8,2025-01-10,15:30,15,4,0.644,1,0,7,0
1851,8,2025-01-10,16:00,16,4,0.746,1,0,7,0
1852,8,2025-01-10,16:30,16,4,0.66,1,0,7,0
1853,8,2025-01-10,17:00,17,4,0.523,1,0,7,0
1854,8,2025-01-10,17:30,17,4,0.503,0,0,7,0
1855,8,2025-01-11,09:00,9,5,0.703,1,0,9,0
1856,8,2025-01-11,09:30,9,5,0.675,0,0,9,1
1857,8,2025-01-11,10:00,10,5,0.918,1,0,9,0
1858,8,2025-01-11,10:30,10,5,0.975,1,0,9,0
1859,8,2025-01-11,11:00,11,5,0.992,0,0,9,1
1860,8,2025-01-11,11:30,11,5,0.961,0,0,9,1
1861,8,2025-01-11,12:00,12,5,0.564,0,0,9,0
1862,8,2025-01-11,12:30,12,5,0.546,0,0,9,1
1863,8,2025-01-11,13:00,13,5,0.388,1,0,9,0
1864,8,2025-01-11,13:30,13,5,0.317,1,0,9,0
1865,8,2025-01-11,14:00,14,5,0.418,0,0,9,0
1866,8,2025-01-11,14:30,14,5,0.434,1,0,9,0
1867,8,2025-01-11,15:00,15,5,0.566,1,0,9,0
1868,8,2025-01-11,15:30,15,5,0.65,1,0,9,0
1869,8,2025-01-11,16:00,16,5,0.694,0,0,9,0
1870,8,2025-01-11,16:30,16,5,0.682,1,0,9,0
1871,8,2025-01-11,17:00,17,5,0.549,0,0,9,0
1872,8,2025-01-11,17:30,17,5,0.487,0,0,9,1
1873,8,2025-01-12,09:00,9,6,0.693,1,0,9,0
1874,8,2025-01-12,09:30,9,6,0.723,1,0,9,0
1875,8,2025-01-12,10:00,10,6,0.961,0,0,9,1
1876,8,2025-01-12,10:30,10,6,0.956,0,0,9,1
1877,8,2025-01-12,11:00,11,6,0.971,1,0,9,0
1878,8,2025-01-12,11:30,11,6,1.0,0,0,9,1
1879,8,2025-01-12,12:00,12,6,0.593,1,0,9,0
1880,8,2025-01-12,12:30,12,6,0.525,1,0,9,0
1881,8,2025-01-12,13:00,13,6,0.396,1,0,9,0
1882,8,2025-01-12,13:30,13,6,0.345,0,0,9,0
1883,8,2025-01-12,14:00,14,6,0.473,1,0,9,0
1884,8,2025-01-12,14:30,14,6,0.498,0,0,9,1
1885,8,2025-01-12,15:00,15,6,0.602,0,0,9,1
1886,8,2025-01-12,15:30,15,6,0.58,1,0,9,0
1887,8,2025-01-12,16:00,16,6,0.68,1,0,9,0
1888,8,2025-01-12,16:30,16,6,0.672,0,0,9,1
1889,8,2025-01-12,17:00,17,6,0.452,0,0,9,1
1890,8,2025-01-12,17:30,17,6,0.519,0,0,9,0
1891,8,2025-01-13,09:00,9,0,0.705,0,0,10,1
1892,8,2025-01-13,09:30,9,0,0.706,1,0,10,0
1893,8,2025-01-13,10:00,10,0,0.993,1,0,10,0
1894,8,2025-01-13,10:30,10,0,0.915,0,0,10,1
1895,8,2025-01-13,11:00,11,0,0.954,0,0,10,1
1896,8,2025-01-13,11:30,11,0,0.986,0,0,10,1
1897,8,2025-01-13,12:00,12,0,0.514,1,0,10,0
1898,8,2025-01-13,12:30,12,0,0.537,1,0,10,0
1899,8,2025-01-13,13:00,13,0,0.358,1,0,10,0
1900,8,2025-01-13,13:30,13,0,0.323,0,0,10,1
1901,8,2025-01-13,14:00,14,0,0.409,0,0,10,0
1902,8,2025-01-13,14:30,14,0,0.492,1,0,10,0
1903,8,2025-01-13,15:00,15,0,0.623,1,0,10,0
1904,8,2025-01-13,15:30,15,0,0.622,1,0,10,0
1905,8,2025-01-13,16:00,16,0,0.729,0,0,10,1
1906,8,2025-01-13,16:30,16,0,0.667,1,0,10,0
1907,8,2025-01-13,17:00,17,0,0.533,0,0,10,1
1908,8,2025-01-13,17:30,17,0,0.508,1,0,10,0
1909,8,2025-01-14,09:00,9,1,0.741,1,0,8,0
1910,8,2025-01-14,09:30,9,1,0.71,1,0,8,0
1911,8,2025-01-14,10:00,10,1,0.93,0,0,8,1
1912,8,2025-01-14,10:30,10,1,0.973,1,0,8,0
1913,8,2025-01-14,11:00,11,1,1.0,1,0,8,0
1914,8,2025-01-14,11:30,11,1,0.958,0,0,8,1
1915,8,2025-01-14,12:00,12,1,0.506,0,0,8,1
1916,8,2025-01-14,12:30,12,1,0.535,0,0,8,1
1917,8,2025-01-14,13:00,13,1,0.342,1,0,8,0
1918,8,2025-01-14,13:30,13,1,0.387,0,0,8,1
1919,8,2025-01-14,14:00,14,1,0.423,0,0,8,1
1920,8,2025-01-14,14:30,14,1,0.46,1,0,8,0
1921,8,2025-01-14,15:00,15,1,0.551,1,0,8,0
1922,8,2025-01-14,15:30,15,1,0.628,0,0,8,0
1923,8,2025-01-14,16:00,16,1,0.68,0,0,8,0
1924,8,2025-01-14,16:30,16,1,0.704,0,0,8,1
1925,8,2025-01-14,17:00,17,1,0.465,0,0,8,1
1926,8,2025-01-14,17:30,17,1,0.472,1,0,8,0
1927,8,2025-01-15,09:00,9,2,0.655,0,0,8,1
1928,8,2025-01-15,09:30,9,2,0.689,1,0,8,0
1929,8,2025-01-15,10:00,10,2,0.945,1,0,8,0
1930,8,2025-01-15,10:30,10,2,0.96,1,0,8,0
1931,8,2025-01-15,11:00,11,2,1.0,1,0,8,0
1932,8,2025-01-15,11:30,11,2,0.972,0,0,8,1
1933,8,2025-01-15,12:00,12,2,0.529,1,0,8,0
1934,8,2025-01-15,12:30,12,2,0.539,1,0,8,0
1935,8,2025-01-15,13:00,13,2,0.313,1,0,8,0
1936,8,2025-01-15,13:30,13,2,0.308,1,0,8,0
1937,8,2025-01-15,14:00,14,2,0.457,0,0,8,0
1938,8,2025-01-15,14:30,14,2,0.44,0,0,8,0
1939,8,2025-01-15,15:00,15,2,0.6,0,0,8,1
1940,8,2025-01-15,15:30,15,2,0.563,0,0,8,0
1941,8,2025-01-15,16:00,16,2,0.706,0,0,8,1
1942,8,2025-01-15,16:30,16,2,0.699,0,0,8,1
1943,8,2025-01-15,17:00,17,2,0.47,0,0,8,1
1944,8,2025-01-15,17:30,17,2,0.524,0,0,8,0
1945,8,2025-01-16,09:00,9,3,0.657,1,0,10,0
1946,8,2025-01-16,09:30,9,3,0.728,0,0,10,1
1947,8,2025-01-16,10:00,10,3,0.932,0,0,10,1
1948,8,2025-01-16,10:30,10,3,0.992,0,0,10,1
1949,8,2025-01-16,11:00,11,3,0.959,0,0,10,1
1950,8,2025-01-16,11:30,11,3,1.0,1,0,10,0
1951,8,2025-01-16,12:00,12,3,0.542,1,0,10,0
1952,8,2025-01-16,12:30,12,3,0.535,0,0,10,0
1953,8,2025-01-16,13:00,13,3,0.359,1,0,10,0
1954,8,2025-01-16,13:30,13,3,0.302,0,0,10,0
1955,8,2025-01-16,14:00,14,3,0.499,1,0,10,0
1956,8,2025-01-16,14:30,14,3,0.462,0,0,10,1
1957,8,2025-01-16,15:00,15,3,0.594,1,0,10,0
1958,8,2025-01-16,15:30,15,3,0.565,1,0,10,0
1959,8,2025-01-16,16:00,16,3,0.654,0,0,10,1
1960,8,2025-01-16,16:30,16,3,0.67,1,0,10,0
1961,8,2025-01-16,17:00,17,3,0.487,1,0,10,0
1962,8,2025-01-16,17:30,17,3,0.526,1,0,10,0
1963,8,2025-01-17,09:00,9,4,0.735,0,0,6,1
1964,8,2025-01-17,09:30,9,4,0.661,0,0,6,0
1965,8,2025-01-17,10:00,10,4,0.995,0,0,6,1
1966,8,2025-01-17,10:30,10,4,0.993,1,0,6,0
1967,8,2025-01-17,11:00,11,4,1.0,0,0,6,1
1968,8,2025-01-17,11:30,11,4,1.0,1,0,6,0
1969,8,2025-01-17,12:00,12,4,0.501,0,0,6,1
1970,8,2025-01-17,12:30,12,4,0.511,1,0,6,0
1971,8,2025-01-17,13:00,13,4,0.345,1,0,6,0
1972,8,2025-01-17,13:30,13,4,0.302,0,0,6,0
1973,8,2025-01-17,14:00,14,4,0.454,1,0,6,0
1974,8,2025-01-17,14:30,14,4,0.42,0,0,6,1
1975,8,2025-01-17,15:00,15,4,0.576,1,0,6,0
1976,8,2025-01-17,15:30,15,4,0.598,0,0,6,1
1977,8,2025-01-17,16:00,16,4,0.664,0,0,6,1
1978,8,2025-01-17,16:30,16,4,0.652,0,0,6,1
1979,8,2025-01-17,17:00,17,4,0.516,0,0,6,0
1980,8,2025-01-17,17:30,17,4,0.467,0,0,6,0
1981,8,2025-01-18,09:00,9,5,0.729,0,0,5,1
1982,8,2025-01-18,09:30,9,5,0.712,0,0,5,1
1983,8,2025-01-18,10:00,10,5,0.905,1,0,5,0
1984,8,2025-01-18,10:30,10,5,0.965,1,0,5,0
1985,8,2025-01-18,11:00,11,5,0.951,0,0,5,1
1986,8,2025-01-18,11:30,11,5,0.989,0,0,5,1
1987,8,2025-01-18,12:00,12,5,0.527,1,0,5,0
1988,8,2025-01-18,12:30,12,5,0.585,1,0,5,0
1989,8,2025-01-18,13:00,13,5,0.366,0,0,5,1
1990,8,2025-01-18,13:30,13,5,0.302,0,0,5,1
1991,8,2025-01-18,14:00,14,5,0.465,0,0,5,0
1992,8,2025-01-18,14:30,14,5,0.438,0,0,5,1
1993,8,2025-01-18,15:00,15,5,0.56,0,0,5,0
1994,8,2025-01-18,15:30,15,5,0.637,0,0,5,1
1995,8,2025-01-18,16:00,16,5,0.669,0,0,5,1
1996,8,2025-01-18,16:30,16,5,0.696,0,0,5,1
1997,8,2025-01-18,17:00,17,5,0.452,1,0,5,0
1998,8,2025-01-18,17:30,17,5,0.475,0,0,5,1
1999,8,2025-01-19,09:00,9,6,0.683,0,0,10,0
2000,8,2025-01-19,09:30,9,6,0.666,0,0,10,0
2001,8,2025-01-19,10:00,10,6,0.935,0,0,10,1
2002,8,2025-01-19,10:30,10,6,0.963,0,0,10,1
2003,8,2025-01-19,11:00,11,6,0.974,1,0,10,0
2004,8,2025-01-19,11:30,11,6,1.0,1,0,10,0
2005,8,2025-01-19,12:00,12,6,0.55,1,0,10,0
2006,8,2025-01-19,12:30,12,6,0.581,1,0,10,0
2007,8,2025-01-19,13:00,13,6,0.363,1,0,10,0
2008,8,2025-01-19,13:30,13,6,0.388,0,0,10,1
2009,8,2025-01-19,14:00,14,6,0.481,0,0,10,0
2010,8,2025-01-19,14:30,14,6,0.455,0,0,10,0
2011,8,2025-01-19,15:00,15,6,0.565,1,0,10,0
2012,8,2025-01-19,15:30,15,6,0.64,0,0,10,1
2013,8,2025-01-19,16:00,16,6,0.659,1,0,10,0
2014,8,2025-01-19,16:30,16,6,0.688,1,0,10,0
2015,8,2025-01-19,17:00,17,6,0.546,1,0,10,0
2016,8,2025-01-19,17:30,17,6,0.511,1,0,10,0
